,username,comment,rating
0,ichaoces,"Alhamdulillah waktu itu lagi ada potongan harga 200k jadi lebih murah.. barang original, ukuran pas, jahitan dan lem super rapi, gak ada yg lecet sama sekali, dus juga aman karna packing nya lumayan oke, pengiriman kilat
Terbaik pokonya! Thanks Converse ğŸ¤ğŸ¤ğŸ¤",5
1,evanurjayanti14,"Barang sudah dibterima dg baik,  packing rapih tdk ada penyokÂ²,  barang 100% original,  semua aku detailin di foto dan video,  barang mulus dan oke punya,  mau yg ori ya di Converse Indonesia Official,  harga keras,  barang puas no kalengÂ² ğŸ˜€ğŸ˜€ğŸ˜€",5
2,p*****a,"Tampilan:bagus
Warna:baguss

bagus datengnya, ori ukuran pas",5
3,suciramadanipratiwi,"ahh dapat hrg murah bgt ini mah, good ğŸ‘Œ size nya jg pas bgttt",5
4,f*****i,"Tampilan:sesuai
Warna:sesuai

Produknya ori! Ga mengecewakan packingan bagus! Kecepatan pengiriman juga sesuai ga nyangka dtangnya lebih cepat terimakasih min bakalan repeat order lagi nih!ğŸ¤ğŸ¤ğŸ¤ğŸ«¶ğŸ»âœ¨",5
5,aidayusria,"Alhamdulillah barang nya sudah sampai, cepet banget pengirimannya. Seneng dehhğŸ¥°ğŸ¥°",5
6,yudhanugraha1299,"Sangat sangat ori barder , ga usah di ragu kan lagi langsung checkout langsung, admin sangat ramah, kurir ramah gpp walaupun nunggu 3 hari, sangat seneng punya yang ori hehe, thnks admin, lain hari ada rezeki lagi ingsaalloh beli lagi di sinihğŸ™",5
7,r*****r,"Tampilan:elegan classic
Warna:mantappp

ga diragukan lagi barang original asli, barang mantap persis di outlet. jaitan rapiğŸ‘ğŸ» pengiriman juga cepettt",5
8,7*****v,"Good quality, akhirnya sampe juga barangnya. Jamin ori kalo ini mahâ€¦Terimakasih converseindonesiağŸ‘ğŸ»ğŸ‘ğŸ»ğŸ‘ğŸ»ğŸ‘ğŸ»",5
9,julian_jullie,"Warna:hitam
Tampilan:oke banget

keren banget deh aku suka sekali product ini, walaupun kebesaran harusnya no 6 karena kaki aku ukuran 24,5 tapi gapapa terobati karena productnya keren parah. next beli lagi yang lainnya. terimakasih seller",5
10,sapinie.co,"Kualitas produk bagus original converse, buat harga standar rata rata original harga segitu, pengemasan juga cepat admin nya gercep, pengiriman lumayan cepat, seller juga ramah.",5
11,chinsturtlerabbit,"Tampilan:sesuai
Warna:sesuai

Bagus banget, pengiriman nya juga cepet, admin nya baik banget, pokok nya ok deh pelayanan nya",5
12,y*****h,"Pengiriman cepat, chat adminya juga d respon baik, bagus sukak ğŸ’•ğŸ’•ğŸ’• kegedean dikit aj sii ukuran 4 1/2 harusnya 4 aja keknya wkwk tp gapap mungkin kalo make kaos kaki g gede bgt suka pokonya, blm tau asli engganya yg pasti udh bagusss bgt bgt bgt ğŸ’‹ğŸ¥º",5
13,r*****o,"Warna:baik
Tampilan:bagus

bagus banget, ori juga. cocok buat banyak outfit, apalagi buat kaum minimalist kayak saya.",5
14,r*****i,"Pokoknyaa pas mantap 
Pengiriman cepet 
Seller ramah baik mantap pokoknya",5
15,salman.22,"Bagus banget, original ya gais yaa
Canvas ny original,glossy",5
16,l*****1,"pengiriman ga sampe dua hariii,admin nya ramah,packaging okee,bagus bgtt,aku biasa pake 38 tp ini ngepas masi ada ruang dikit,thankyouuğŸ¥°ğŸ¥°",5
17,r*****m,"Tampilan:ok
Warna:ok

Pas bgt ukuranya sesuai dan nyaman di kaki, pengiriman lama karena adanya pake jne ke daerahku, semoga awet aja dan warna ga pudar abis di cuci",4
18,santihidayanti123,"Tampilan:good
Warna:hitam

Ukurannya sesuai di kaki aku, produk emang original karna ini officialnya converse ya ğŸ‘ğŸ» Kalo diukur pake penggaris kakiku 24 cm tapi kalo beli sepatu yg unisex gini aku ambil yg size 4.5 (23,5 cm) karna aku gaksuka sepatu yg lebihnya banyak dibagian depan, aku suka yg ngepas di kaki. Tapi saran buat kalian kalo gaksuka yg ngepres ambil yg 5.5 aja buat ukuran kaki yg 24,5 cm. Agak bete dikit ya karna ada bercak bercak putih, tp bisa dibersihkan kok. Biasanya karna stock lama disimpan kalo ngga ya karna disimpan di tempat lemba. But worth it to buy guys",5
19,d*****o,"Tampilan:Klasik, original
Warna:Hitam

Sudah wishlist dari dulu akhirnya kebeli, lumayan ada diskon. Kualitas oke banget, sepatu dan box masih baru kinclong, memang official store terbaik ğŸ‘",5
20,a*****_,"Warna:black
Tampilan:bagus

produk 100% original pengirimannya juga cepat banget. aku yang biasa pakai size 36 pakai size 3,5 pas banget",5
21,kaycybele,"Warna:yaa itam wkwk
Tampilan:kece abis

ini asli gercep banget sih, dan emang kualitasnya yah ori sih ya, makanya emang keren bgt :D padahal ukuran kaki aku 42, cuma krn abis stok makanya aku pilih yang ukuran 43, tapi tetep cakep wehğŸ¥º tetep nyaman aja dipakenyaâ¤ï¸ pokoknya puas banget beli disinii banget banget bangettt
Thank you yaaa, kurirnya juga ramah hehe ;D",5
22,s*****a,"Warna:mantap
Tampilan:mantap

Pengiriman cepattttt harga lumayaan, pass di kaki",5
23,suprihatin0069,"cari size 8 gak ada, sedikit kebesaran :')

overall bagus, pengirimanya cepet.. minggu langsung di kirim, senin siang langsung sampai

thanks ğŸ¤Ÿ",5
24,ainaini03,"Warna:baik

Midsol bisa dilepas pas diukur 24.5 cm padahal udah ngikutin deskripsi box yg tulisannya 23.5cm
Sedih harus pake kaoskaki yg tebel biar sepatunya ga copot pas jalan..
Mungkin harusnya beli yg 22.5 bisa jadi midsolnya 23.5
Atau ada yg mau tukeran sama aku..yg beli ukuran 3 kekecilan bisa tukeran sama aku yg ukuran 4.5 :)",4
25,r*****w,"Tampilan:Bagus pol
Warna:mantab

pokoknya puas banget dan recomended lah, dan ukuran bener2 pas bgt diaku suka bangetko",5
26,y*****9,"Seneng deh belanja disini, banyak voucher diskon, pengiriman cepat, barang oke, size lengkap. Kalo di toko offline sering kosong sizenya hehe. Thanks seller ğŸ‘",5
27,lidyafebriani142,Request minta dikirim cepet dari bekasi ke jakbar cepet juga sampenya,5
28,t*****a,"Tampilan:baik
Warna:black

akhirnya sampai juga hihi, pengiriman cepat, barang aman dan baik, semoga awet, thankyouu",5
29,jafar0203,"Tampilan:bagus banget . barang g kecewa
Warna:hitam",5
30,rarasnilamcahya,"pengirimannya cepet, respon juga baik, baru pertama kali beli converse sih dan buat kado pacar, bukan buat akuu huhuhu keren beet semoga cowo aku sukaa hihihi. makasiiihhh tapi sayangnya kalau beli online gadapt paperbag, tp gpp ttp suka kok",5
31,fitrihardiyanti29,"Barang udah sampe ,makasih kak.
Sukak bangettt beneran oriğŸ˜ğŸ˜ğŸ˜ğŸ¥°",5
32,ajrinanuranti,"Pengiriman cepet banget, 2 hari aja.. ukuran kaki 38 di 5.5 bener...",5
33,asepilhm5,,5
34,f*****n,"Tampilan:okelah
Warna:seperti di gambar

Pengemasan rapi, pengiriman cepat. Size sesuai deskripsi meskipun di kakiku agak kebesaran dikit. Dibaca dulu Yaa size-nya buat unisex atau women, karna beda.",5
35,eniloho,kok beda banget ya sama yg beli distore conversenya langsung ğŸ˜­ğŸ˜¢ğŸ˜­ğŸ˜©,3
36,h*****0,"Warna:hitam
Tampilan:bagus

Produk sangat bagus, kokoh dan keren. Soll kuat untuk jangka lama",5
37,c*****a,"Tampilan:sesuai
Warna:black white

Baru pertama beli disini. Oriiii. Barang diterima dalam kondisi baik. Pengemasan baik. Produk sesuai gambar. Warna sesuai. Ukurannya sesuai pesanan, udah kucoba dan pas banget. Worth the wait. Semoga awetttt. Terima kasih.",4
38,a*****g,"Tampilan:oke
Warna:oke

Ukuran belum dicoba, tapi kondisi barang bagus",5
39,dennisrembet,"Barang sampai dengan baik, tidak cacat , dan originalğŸ¥³ pengiriman jg cepatğŸ¤©",5
40,aidayusria,"Alhamdulillah barang nya sudah sampai, cepet banget pengirimannya. Seneng dehh yihiiğŸ¥°ğŸ¥°",5
41,m.sdrwati,Sayang bgt padahal sengaja beli di shopee mall nya Converse langsung karna lebih trusted taunya dikirimnya kondisi gini. Kecewa. Harusnya QC nya lebih teliti lagi. Pastikan barang sampai ke konsumen itu memuaskan biar sama2 enak. Tolong ditingkatkan lagi!,2
42,f*****a,"Voucher diskonnya lumayan banget, masih ditambah cashback juga pas beli. Ukuran sesuai dengan pesanan dan cm, pengemasan juga ok masih ditambah kardus. Pengemasan lumayan lama tapi gpp karena pas ramadhan sale juga. Makasih!ğŸ‘ğŸ»ğŸ‘ğŸ»ğŸ‘ğŸ»",5
43,p*****s,"Tampilan:Gilaaaa
Warna:Sesuai

Cepet gila, pesen malam besok sorenya sampai",5
44,c*****0,"pengirimannya sangat cepat, barang yang dikirim juga sesuai dengan pesanan. suka bangett sih sama sepatunyaa",5
45,tria770,"Tampilan:sesuai
Warna:hitam

Responnya cepat...pengirimannya juga cepat..terima kasih admin sudah mengirim sesuai keinginan..asli original 100%... dapat diskon juga...alhamdulillah",5
46,s*****x,Kualitas produk sangat baik. Produk original. Harga produk sangat baik.,5
47,j*****_,"Tampilan:Good
Warna:Good

Sempat binggung pilih ukuran wkwk, so untuk ukuran 42/43 kalian bisa pilih ukuran yg 8,5.",5
48,auliyaa.ka_,"Tampilan:Ori
Warna:black

Ngga ragu klo beli disini, soalnya uda follow ignya dan akun shopee nya langsung ke sini, jadi udah pasti covers original dan produl mall hehe alhamdulillah mau beli yg variasi lgi disini",5
49,ririntrisnayantii,"Warna:sesuai gambar
Tampilan:real pict

Barang bagus dan original, pengiriman aman",5
50,_wuulansss,"barangnya mantul bener cuyyy, aga was was si soalnya banyak yg dapet barang kurang sesuai sama ekspetasi. legit bangett cuma ada kek noda/goresan item samar samar gitu but its okeyy tetep cakeep ga keliatan soalnya, makasi admin dan mas kurirğŸ¤Ÿ",4
51,a*****2,"Warna:sesuai
Tampilan:ga tahu bagus bgt

Pengiriman cepet bgt, bekasi - bdg cmn satu hari. Sempet bingung pilih size sampe cancel beberapa kali haha. Untuk bantu teman yg lain, size kaki aku 21, tp biasa pake uk 37. Jd aku ambil yg uk 4,5 kegedean dikit tp nyaman seperti biasa aku pake sepatu yg lain. Sepatunya keren bgttt nget nget. Makasih converse dan sopi. Beli pas diskonğŸ˜Œ",5
52,tioramadhan25,"Barang ori dari pt map, pcking rapih kardus no penyok penyok pokonya beli di converse official pilihan terbaikkkkkk",5
53,s*****o,"Barangnya bagus original, seller ramah fast respon, apalagi pengiriman nya mantap banget nyampe cepettt",5
54,f*****a,"Tampilan:keren abis
Warna:real picture

Seneng banget akhirnya dapet size juga dan promo pula, terimakasih! Makin cinta sama converse",5
55,yunitadkk26,"Tampilan:oke
Warna:oke

Karena belinya diofficial converse jadi gak ragu kalo gak ori udah pasti 100% original,beli pas diskon lumayan bgt karena kalo distore gak diskon diskonğŸ¥³ğŸ¥³",5
56,n*****a,"Tampilan:keren abis
Warna:cakep pastinya

seneng banget dapet potongan 200k, pengiriman juga cepet, thank youğŸ«¶ğŸ»",5
57,amalia98,"Nyampenya telat dari estimasi tapi itu salah logistik, tetep bintang 5 karna produk aman luvvv thankyouuuuu",5
58,j*****1,"Tampilan:BAGUSSS
Warna:HITAMM

BARANG SAMPAI DENGAN AMAN! BAGUS BANGET G NGERTI LAGI INI PARAH 1,5 DPT 2 CUYY JARANG2",5
59,hanni.sun,"Tampilan:bagus anett
Warna:hitam

Bagus bgttt, pengiriman juga cepat bgtt, sepatu nya asli juga, makasih seller",5
60,n*****7,original shoes ğŸ‘ğŸ»ğŸ‘ğŸ»ğŸ‘ğŸ»ğŸ‘ğŸ»ğŸ‘ğŸ»,5
61,g*****i,"Sepatu original semoga awet, cuman dari pihak ekspedisinya pengirimannya lama banget gatau kenapa mungkin efek 6.6",5
62,s*****9,"Tampilan:Bagus
Warna:Oke

Yang ditunggu2 dah sampe kemaren sore, baru sempat review hari ini...Sepatunya bagus..cakep, Beli Di officialnya langsung jadinya Harusnya Original wkwkw
Lem2 an rapi semua Cakeplah sesuai harapan pembeli wkwkwk

packingan ğŸ‘ tq converse, tq juga shopeeğŸ™",5
63,anjarzazhashaqiri,"Tampilan:ok
Warna:ok

Ok. Tks barang dah sampai dengan cepat dan mantap kualitas ok. Next order.",5
64,aryuvega,"Warna:hitam
Tampilan:keren sesuai yang ada di photo

Sepatu nya keren, gw sangat suka banget , ini pembelian sepatu yang ke 7, ayukk teman teman belanja disini gw jamin ori ğŸ‘ğŸ‘ğŸ‘ğŸ‘ğŸ‘",5
65,m*****4,"Klo dr official converse nya mahh jng diraguin lagiğŸ‘ğŸ» cuman buat evaluasi option pengirimannya tolong ditambahin j&t soalnya klo pake si cepat lama bgt estimasinya, But over all thank u",5
66,a*****4,paketnya sudah sampai packing aman produk sesuai dengan pesanan terimakasiha,5
67,lailyaliyah15,"Barang original. Biasa pakai nomor 41 pakai nomor 7,5 pas banget.",5
68,dimas.adjie,Mantab ğŸ‘,5
69,a*****3,"Tampilan:bagus
Warna:hitam egret

baguus pengiriman kilat browâœ¨",4
70,a*****n,"Sempet deg degan takut gak muat dan ternyata biasa pake size 38/39 pakai yg US 4.5 passssğŸ˜
Semoga awet & jadi langgananğŸ‘ğŸ»",5
71,n*****g,"Warna:Black

Bagus dan nyaman, kalau converse tidak usah diragukan lagi. Salah satu wishlist kebeli juga akhirnya âœ¨ğŸš€",5
72,w*****s,"Barang sudah diterima, pengiriman lumayan cepat. 
TerimakasihğŸ‘ğŸ‘ğŸ˜‰ğŸ˜ğŸ˜ğŸ˜",5
73,n*****_,"Tampilan:bagus
Warna:bagus

Produk original, pengiriman cepat, kemasan baik",5
74,s*****n,"Nice. Ga ada yang rusak, lengkap semua, sampai ke tangan dengan aman.",4
75,anisa_hidayati,,5
76,s*****c,"Ada keterlambatan pengiriman dari SiCepat nya tapi gpp, cuma box nya ada sobek dikit mungkin ke tindih barang berat, untung isi nya gpp dan sepatunya aman ga ada cacat",5
77,a*****s,"Tampilan:oke
Warna:sesuai

aampai dengan selamat dan aman, pengiriman standarsih tapi oke lah. mudahâ€an awet buat nambah koleksi sepatu conversku",5
78,kitasetara.co,"Original bro jangan di ragukan lagi sat set sat set , next pesen lagi nanti ğŸ–¤ğŸ˜‡ terbaik
Converse official store terbaik ğŸ–¤
Jangan lupa pengiriman nya lewat JNE cepet banget ğŸ¥³",5
79,y*****a,"Tampilan:baik
Warna:bagus

Cepet pengirimannya, sesuai dengan yang diharapkan barangnya",5
80,r*****a,"Tampilan:baguus.....selamat sampai tujuan. packing lumayan aman
Warna:warna hitam",5
81,ridhohafiedz16,"Tampilan:sesuai
Warna:pekat

Agak kecewa sih sama rilisan tahun sekarang, tag nya malah disamain sama yang kw

Semua file yang berisi full pack terjadi eror akan di perbarui segera
Semua file yang berisi full pack terjadi eror akan di perbarui segera
Semua file yang berisi full pack terjadi eror akan di perbarui segera
Semua file yang berisi full pack terjadi eror akan di perbarui segera",5
82,dedenahmad999,Terima kasih barang sudah sampai dengan selamat,5
83,t*****8,"Tampilan:Cukup elegan
Warna:Sesuai dengan foto produk yang tertera

Seller slowrespon, packing bagus, order hari ini dikirim hari itu juga, pengiriman sangat cepat terimakasih ekpedisi J&T. Semoga awet dipake untuk sehari hari",4
84,budisilvy17,"Tampilan:sangat bagus

Nyari ke store sudah soldout Chuck nya..
Alhasil gercep ke sini..
Alhamdulillah dapat ğŸ¤—ğŸ¤—
Original Converse ğŸ˜ğŸ˜ğŸ¥°ğŸ¥°ğŸ¥°",5
85,e*****o,"Tampilan:bagus banget legit
Warna:keren

Ori ğŸ’¯ % dijamin legit
Biasa pakai ukuran 41 26 cm jadi pilih US 7,5
Dikasih double box jadi tidak penyok sama sekali box ori nya pokoknya mantab ğŸ‘ŒğŸ»ğŸ‘ŒğŸ»",5
86,s*****r,"Tampilan:bagus, rapi
Warna:hitam

packaging aman dan rapi, pengirimannya cepattt, barang juga oke. thanks seller",5
87,ruthanneims30,"tali nya panjang sebelah, apa karna diskon? wkwkw ga di cek ulang sebelum di kirim? 
udah kirim semua ketentuan complain, foto barcode dll tapi belum di bales ga ada solusi dari admin nya",2
88,kakini.st,"Tampilan:sesuai
Warna:sesuai

Converse emang yang terbaik. Dijamin ori sih pastinya karena officialnya langsung.",5
89,f*****u,"Dijamin ori, sol sangat tebal terus empuk banget tengkyu seller",5
90,fitawidodo,"Allhamdullilah barang ori lur... Thx seller walupun slow respon, yg penting kwalitas bagus.",5
91,shaskyaptr,"Keren keren.. seneng bat dah ada officialnya di shopee..
Kualitas gak diragukan lah.
Thanks converse..",5
92,shaskyaptr,Cepat sampai.. simple tapi bagus. Dah lah sudah terlalu cinta sama converse..,5
93,s*****s,"ori udah pasti krn official wkwk lebih deg degan ke ukurannya sih waktu mau beli soalnya baru pertama kali beli sepatu online, eh ternyata pas nyampe alhamdulillah muat dong di kaki yg biasa pake ukuran 38 huhuu",5
94,r*****4,"Tampilan:keren

Bagussss banget dijamin original dan cepat banget smpnya",5
95,p*****5,"Warna:hitam

Sempet ragu sama ukuran karena ukuran kaki aku yg super mungil. Udh bener size 36 pake 3,5. Over all bagussssss",5
96,y*****9,"Warna:hitam
Tampilan:Bagus

Ori 100% bagus bahannya baguss , pokoknyaa semuanya mewah keliatannyaa gak bakal nyesel sihh belanja disini., apalagi dapet diskon 20persen mantulll.
 pengirimannya cepet baget 
chekout hari minggu dateng dihari senin , satset bgt pasti langganan ditoko ini gercep",5
97,a*****3,"Warna:sepatu hitam
Tampilan:bagus sesuai dengan yang ada di store cocok buat sekolah dan jalan",5
98,r*****a,"Tampilan:sesuai dengan gambar nya
Warna:bagus keren

Enak di pakai nya, nyaman pas di kaki 
Sepatu nya jg oke kereeeeeennnn deh... 
Thankkkssss ya....",5
99,risca.fauzi,"Sempet ketar ketir sama expedisi ny . 
Krana pesen sepatu dan kaos kaki , tapi di kirim ny terpisah .",4
100,v*****g,"suka bnget
uda dr dlu ngidam sepatu ini
pas bgt lg restock
thanks seller",5
101,sabilanindy,"Bagus sih, pengeriman cepet. Kirain bakalan kegedean ternyata pas bgt",5
102,n*****y,"Tampilan:Keren banget
Warna:Black

Pengiriman cepet banget, ukuran sesuai, barang juga gaada yg lecet lecet mulus seperti baru",5
103,m*****7,"Bagus original, semoga awet ni sepatu. Beli biar samaan sm bini biar couple an kaya anak anak jaman now gtu katanye mah",5
104,e*****1,"Tampilan:bagus
Warna:bagus

Sebagus itu. Pengiriman juga cepet bgt, cuman ukurannya beda 1-2 cm sama yg biasa dipake",5
105,septinaputrirahayu,"suka bangettt pass, cocok buat kaki kecil kaya aku karena susah bgt dapet size yg pas ğŸ˜­ğŸ˜­ğŸ˜‚ğŸ¥°ğŸ‘ğŸ‘",5
106,hendralezmanaa,"Warna:black
Tampilan:keren

Jujur setelah kemarin sempet salah size dan akhirnya dijual ke temen. Akhirnya skrg pas banget sizenya. Keren banget originalğŸ‘ŒğŸ¿ udah lama pengen bgt sepatu iniğŸ¥¹",5
107,adriansyahruhman,"Gokil pesen kemarin sore hari ini dateng, harga ga bohong keren",5
108,vriskaaura,Dari jaman sekolah selalu pake converse sampe sekarang udah kerja pake nya converse juga,5
109,nurulanisah_99,Tampilan:bagus pollll ga nyesell dan ukurannya pas terimakasiii converseğŸ‘ğŸ»ğŸ‘ğŸ»ğŸ™ğŸ»ğŸ™ğŸ»,5
110,santatesalonika,"Thankyoouuuuu, soal ori mah udeh pasti lah yaa wkwk finally aku punya sepatu sejuta umat ini & pengirimannya cepet bgt dah xixi maaciw",5
111,r*****3,"biasannya langsung beli ke storenya, tapi mumpung di online sizenya lagi ada jadi beli online. ada lecetnya sedikit",5
112,muhammadkhariezzmaardy,"Tampilan:barang legit istri suka bgt..next bakalan order lagi
Warna:hitam

Dijamin ORI gais.",5
113,njhabit,"Sebenernya kecewa bgt sih beli , yg dateng ukuran kanan juga kirinya beda , udah coba konfirmasi cuma due appologized doang tanpa kasih solusi yg udah jelas itu ukuran beda yg 1 ukuran 7 yg 1 lagi ukuran 7,5 secara logika juga gue ga pesen kanan kiri kek softlenss ya , coba baik baik jelasin ke adm minta dikirim foto ini itu ujungnya tetep ga bisa dituner . Terimakasih anda juga begitu buruk dalam pelayanan juga problem solving ğŸ™ğŸ»",1
114,thrshw96_,,5
115,ikfbrn,bagus original tp sayang salah ukuran jadinya ngepas bgt malah sakit kalo buat jalan kwrena sol nya tebel jugaaa mana gabisa dituker hiksss tp gpp. o ya kalo ada yg mau barter ukuran jg boleee aku hrusnya uk 37 ğŸ¥º,4
116,geewonniiii,Udah gaj usah ragu. Dah dijamin ori dan kualitas emg sebagus ituuuuuu,5
117,ameliaelsa98,Pengurimsn cpt dan respon penjual cpt,5
118,m*****1,"Aaaa sukaa bgt dan puas dgn pelayanan seller. Kurir jg gercep, cm 2 hari patu udaa mendarat dirumah. Makasii seller dan shopee",5
119,a*****y,bner2 glossy.. pengiriman cepet. orii no kw  emg paling bner beli teh di official nyaa. nyesel kmren smpet ketipu di sebelah ğŸ˜­,5
120,k*****g,"Produk original dan rapih, ga ada beda sama beli di offline store. Pengiriman nya agak lama dan kardus nya rusak sobek penyok juga kayaknya karna proses pengiriman sih. But overall the product is good! Thanks seller ğŸ–¤",5
121,,"Tampilan:good
Warna:yes

Barang original. Pengiriman dan respon baik.",5
122,fi1mvge_2t,"Tampilan:keren
Warna:baguss

Yaampun ini baguss bangett woii cakep",5
123,n*****2,overall seller dan produk oke,5
124,brian_ali,"100%original klo di kamera emg kelihatannya putih tp klo di aslinya rada kekuningan(ciri khas ct70s) worthit sih soalnya di offline store gk stok ukiran ini,btw tali sepatu aslinya kecil guw ganti pake tali sepatu lain ya...",5
125,e*****n,"Tampilan:Bagussss
Warna:hitam

Pengiriman lumayan cepat. Paking bagusss gx ada yang penyok aman. Thx seller shoppe",5
126,mas_ari25,"Warna:mantap
Tampilan:keren banget

Tidak mengecewakan produk asli original barang sudah nyampek dan pengirimannya pun cepat",5
127,yuniandani_,Produk original. Packingnya rapih double kardus. Pengirimannya cepet banget. Kualitas oke sesuai harganya,5
128,a*****2,"Warna:bagus mantul
Tampilan:sesuai gamabr

Mantul original",5
129,emen_str_p,"Tampilan:kalau menurut saya yang penggemar converse,kurang rapi aja dikit di bagian sol nya
Warna:black

Alhamdulillah pesanan sudah sampai dengan selamat,terimakasih shopee",3
130,a*****o,Klasik. Suka banget converse chuck 70. Authentic dari dulu dan ga pernah ketinggalan jaman,5
131,r*****i,"Warna:tidak terlalu overcolor
Tampilan:gooddd

selalu senang dengan desain chuck taylor, tidak terlalu menarik perhatian ketika di pakaiğŸ˜ğŸ˜",5
132,adaw_02,"Agak kecewa, pengiriman lama",5
133,feyzarna011,cepet banget yamponnn dah nyampe dahal estimasi minggu tapi udah nyampe aja hihi sukakkk tolong banget yang warna putih direadyin women plis bget ini mah mau beli,5
134,vicky.store18,"Baguuss, oriiii semoga awet. Biar awet jgn dicuciÂ² yages yaa biarkan membuluk dgn sendirinya. Makin buluk maqueen mevvaah dan maqueen kereen",5
135,r*****1,"Tampilan:sesuai converse original 100000%
Warna:hitam putih

Keren bangett, pengirimannya juga cepat bgttâœ¨",5
136,disamhr03,,5
137,ainunnadiraa,"Tampilan:bagus banget
Warna:bagus banget

Alhamdulillah pas ya Allah, udah ketar ketir pas nungguin takut kekecilan atau kebesaran, alhamdulillah pas ya Allah, terima kasih hihi",5
138,dimaspraska123,"baguss bgt si ini ğŸ˜®â€ğŸ’¨ minta dikirim cepet sama adminnya , bener bener cepet nyampe rumah , thanks bgt lho adminn",5
139,fitrifajrina2,"produk original. pengiriman lumayan cepat, sangat amanah, dan barang sesuai dengan gambar. terimakasih yaağŸ™ğŸ»ğŸ™ğŸ»",5
140,lusiananeneng,"Tampilan:bagus
Warna:bagus

Next order lagiğŸ˜Š",5
141,l*****h,respon penjual oke banget sih hehe packing juga aman ditambah kardus lagi thank u ya,5
142,sriwahyu7279,"Warna:sesuai foto
Tampilan:Bagus

Barangnya memuaskan,,,sesuai dg haeganya",5
143,lutfikusuma348,"Barangnya original, kualitas terbaikkk!!! 
 Ngk nyesel beli disiniğŸ˜Š",5
144,norakresnawati,"Tampilan:keren
Warna:mantap

Tidak perlu diragukan lagi",5
145,kangbaharrrrr,"Tampilan:bagus bget
Warna:sesuai pesanan

packing sangat aman dan pengiriman cepet. soal kualitas jgan ditanya. ğŸ’¯",5
146,y*****3,"Selalu puas beli d sports station, pengiriman cepat packing aman selalu.. Sering discount",5
147,k*****6,,5
148,kholiqtole5,"Tampilan:bagus
Warna:bagus

Packing bagus
Ukuran pas.
Pengiriman juga cepat",5
149,a*****0,"barang sudah diterima dengan baik,",5
150,nabilatulffff,"Tampilan:bagus
Warna:bgs

kegedean. adminya sulit dihubungi, mau chat tanya ukuran baru dibalas 3 hari kemudian (itupun ga ada solusi). sekelas official store pdhl, dan ud bnyk jg yg komplain ttg ukuran.. tp knp gada perbaikan. semoga kedepannya g terjadi lg spt ini. maaf sy kasi bintang 2 krn kecewa dgn pelayanan",2
151,novvvaakk,"Tampilan:bagus
Warna:blaack

Barang sih bagus,sedikit kecewa karena gaada paperbag nya",4
152,windysaviraa96,"Tampilan:oke
Warna:hitam

Real pict bagus banget, sesuai harga juga lebih trjangkau d banding toko yg lain pengiriman juga cepet, mksii seller
Maaf fto tdk sesuai",5
153,pipitfitriyani20,"Sepatunya bagus bgt original, tapi size nya kekecilan karna ngga ngerti size lokal sm size luar. Dan yg sangat disayangkan tdk bisa ditukar ğŸ¥º",4
154,b*****0,,5
155,rinduri_,"Tampilan:sesuai gambar
Warna:sesuai pesanan

Aaa keren banget sih, kualitas oke di jamin original. Mantap",5
156,a*****d,"Tampilan:ok banget
Warna:sesuai

akhirnya punya juga nih sepatu idaman gua.",5
157,joheskawlanov,"Tampilan:keren sih, cuma anehnya barcode nya gabisa di scan
Warna:black white",5
158,fadiamardhotillah,"Suka bgt sesuai ekspektasi gue, semoga awet luv banget deh pokoknya",5
159,a*****n,"Warna:oke
Tampilan:oke

Kalian wajib beli di toko ini karena the best terbaik dari yang lain punya. Ga ada dua nya cuma ini aja inget ya",5
160,boiem14,"Mendarat dengan mulus, 
Barang sesuai.
Delivery gercep goodğŸ‘",5
161,d*****j,"gile cepet bener sampe nya. 
overall bagus ga ada cacat ğŸ«¶ğŸ»",5
162,a*****5,Cepet bgt sampenya dan barang dijamin original,5
163,d*****v,"barang datang salah ukuran, di pesannya 7 tapi yang datang 9,5.. tpi sodara ada yg mau beli jdinya gak jadi pengembalianğŸ˜¬ kedepannya untuk QC lebih teliti lagi ya!",3
164,b*****9,"Tampilan:barang udah tiba tapi barang yang saya pesan salah kegedean, jadi kali aja ada yang mau beli nawarin",5
165,fannynadra67,"Good, oke bangetttttttttt , ga nyesellllllllllllllllllllllllllllllllllllllllll",5
166,icisjsywaaanakq8182718,"ğŸ¥² udh gk diraguin lagi lah ke orisinalitasannya, orang official shop",5
167,w*****i,Agak kebesaran sih dikit. Tp spatunya bagus kok. Syg d kotak nya bolong:â€) qq mimin nya cueqq g bs d ajak konsul ukuran spatu. Nanya uk spatu yg pas cuma d ksh list uk ajaaahhh tp gpp bagus kokkk spatunyaaa cixixixixiixx,4
168,a*****9,"Overall ok  lah 
Cuma boxnya aja yg penyok 
100% ORI 
Semoga ada rejeki lagi buat beli di toko ini ğŸ˜…",4
169,mustikard2381,barang sampai dengan aman tanpa cacat sedikitpun! terima kasihğŸ¤ğŸ»,5
170,a*****s,"Tampilan:barang bagus sesuai dengan di gambar tapi sayang ga dapet yg made' in Indonesian malah yg Vietnam
Warna:hitam putih

Respon chat admin kurang",4
171,k*****0,,5
172,henmaheen,Barang sangat sesuai dan memuaskan! Thanks Converse Store Official,5
173,okykadnan11,Original ğŸ‘ğŸ»,5
174,u*****3,Sukaaaaan sekali,5
175,j*****l,Mantab,5
176,gudangnyajeans77,Hadeh gapapa deh ga bisa di retur ukuran kecil banget dipake susahh,4
177,alfinarh_,beli uk 3.5 ternyata ngepas banget :(( barangkali disini ada yang mau tukeran sama size 4/4.5 bisa chat yaa,5
178,fauziah66666,"Warna:hitam
Tampilan:sangat baik

Cakep parahh
Keren banget
Original â¤ï¸â€ğŸ”¥
Keren ğŸ¥°",5
179,n*****o,"kmrn dpt potongan harga dari voucher + koin, jdi nya cuman 700an gitu. ga nyampe 750 sih. dan jelas nya original dari persis kok sama dis store ga ada beda nya",5
180,a*****3,"Tampilan:ok

Bagusss pengiriman cepat..",5
181,a*****_,"Tampilan:I Like This

good quality product..",5
182,v*****y,"Tampilan:ghkll
Warna:akajshhajg

Nyesel banget beli disini ga bisa dituker padahal seblm nya udh nanya size 38 ukurannya US brpa tapi gada tanggung jawabnya parah pas dateng size 41",2
183,adeirmasyatiri,,5
184,g*****i,Pas di kaki ğŸ‘ŒğŸ» Bismillah semoga awet ğŸ¤²ğŸ»,5
185,monicalstari,"Bagus banget, sesuai ekspektasi. thank youâœ¨",5
186,n*****i,,5
187,mia1133,"Barang original and pengiriman cepet
Thebesttttt",5
188,p*****o,"Muaantaappp pokoknyaaaa, adminnya jg oke buat diajak diskusi soal ukuran. Jadi ukuran yg dateng perfect fits.",5
189,rizka_1602,"Tampilan:original no debat
Warna:hitam

barang original. biasanya pake ukuran 38. pesen yg ukuran 37 pas. dan fit",5
190,a*****m,"Tampilan:bagussssssssssssssss, cakep polllllll",5
191,m*****e,"Tampilan:oldskool
Warna:hitam putih

bagus sekali mantap gan pokoknya kalo yg ori mah, berapa kali nyoba yg dupe nya merk lain tapi ga sebagus yg ini, dpt voucher 200k off jg mantap",5
192,alfattaz,The best pokonya glowsy auto bintang 5ğŸ‘ğŸ‘ğŸ™ğŸ˜„,5
193,r*****_,Bagus 100% ori dan cepwt banget baru kemaren pesan hari ini udah nyampe mantappppğŸ˜ makasih banyak seler,5
194,f*****6,Mantap boskuh pemakaian belum dipake nanti direview kembali,5
195,fikihainun97,"Pas bgt size-nya,gila keren parah ğŸ¤©",5
196,n*****2,"Tampilan:good
Warna:good

ori ygy, tp di deskripsi kan qda ukuran 5 , pas mau co adanya 5.5 jadi kegedean dikit, tp gpp, packing aman, pengiriman cepat, semoga awet.
harga mahal tp ga dpt free apa apa:((",5
197,andik000,"Tampilan:good
Warna:mangtap

untuk aku yang ukuran kakinya 39-40, dikit kebesaran size yg ini keknya aku cocok di ukuran 5, tpi ukuran yang ini ga buruk kok ğŸ«¶",5
198,bettymanurung_22,Produk nya original. Packing nya rapih. Pengantaran nya cepat. Top markotoooooppppğŸ’—,5
199,rizalmashuri12345,"Tampilan:mantap
Warna:mantap

Mantap sekali eperibadi kualitas ok",5
200,aprilasih,"Tampilan:bagussss bgt â˜ºï¸

Alhamdulillahh pengiriman cepat",4
201,c*****a,Kualitas produk baik. Harga produk baik. Kecepatan pengiriman baik. Respon penjual baik.,5
202,vadyalukita94,"Warna:hitam
Tampilan:bagus

Barang bagus, kecepatan pengiriman bagus. Sayang pelayanannya buruk. Mau tukar nomor padahal barang belum dikirim saja tidak bisa, mau ajukan pembatalan juga ditolak. Sungguh pengalaman yang buruk belanja di akun official converse.",1
203,t*****1,Mantap lah pokoknyağŸ‘,5
204,i*****s,Mulus bagus banget sesuai dan original... tapi ku ordernya kebesaran 1 cm huhu... tpi overall bagus masih bisa dipakelah... paket nya cepat sekali sampe...,5
205,a*****9,"Ikutin size chart untuk panjang kaki 24,5 cm dan hasilnya sesuai. Terima kasih ğŸ™ğŸ™",5
206,adi.il,"Mantap lah 
Barang ori
lagi mau lebaran pengiriman cepet banget
Sayangnya gak bisa ngasih penilaian ke expedisinya",5
207,bayuhomestore1,"Mantap pesanan telah di terima dengan sangat baik, terima kasih. Barang ori",5
208,salsabiilaaira10,Pengiriman sangat cepat.ukuran pas. Baru pertama kali pake high ternyata lumayan ribet,5
209,a*****c,"Maaf foto tidak sesuai, barang bagus original , terimakasih",5
210,e*****a,"Tampilan:baguss

Akhirnya bisa beli jugaa 
Maju mundur mau beli ini
Insha allah ori",5
211,yuli_benz,"Cepat pengirimannya, bagus barangnya. Mantap ORI nih. Top",5
212,muhammadanjasmaulana,"Tampilan:bagus terlihat classic
Warna:hitam

â­â­â­â­â­",5
213,fhadilaagustina,"Tampilan:bagus sempurna
Warna:oke

Keren abis",5
214,fajrialyubi,"Akhirnya dapat juga nih barang,,sudah 3 kali check out dibatalkan dengan penjualnya karna kalah cepat,,untuk check out yg ke 4 kali akhirnya dapet juga ini barang.. terima kasih",5
215,ichakn96,The best ğŸ¥°,5
216,desylishagita,,5
217,k*****a,Bismillah semoga bisa jadi langganan ya! Hehe. Makasih banyakkk ğŸ–¤ . Produk baik. Moga kalo ada rezeki lagi bisa order lagi hehe ğŸ’–,5
218,i*****w,"Warna:kecewa dan sedih
Tampilan:menunggu solusi

Maaf sy benar2 kecewa, bbrp order terakhir kok kacau ya.

Pesanan sy yg bln lalu, promo converse discount heboh di cancel tanpa chat oleh official seller ini. Kl stok habis ya knp tdk chat dl jgn langsung cancel. Sy pikir sy beruntung, tp tdk dpt barang yg sy beli ""murah"" dr official store.

Pesanan terbaru sy promo 7.7 super discount bbrp item dgn total discount hmpr 4jtan. Setelah diantar 1 item dikirim salah ukuran beda jauh banget +- 6cm. CS tdk membantu, sy tdk bisa minta tukar 1 sepatu. Somehow kl complaint di shopee diharuskan mengembalikan semua order (full refund). Lho jd tdk dpt lagi apa yg saya order ""murah"".

Chat di CS tidak membantu sama sekali dan memberi saya template.

Seperti masalah kalian itu stok barang kalian tdk akurat. Tapi sy sdh jd korban 2x ya dlm 2bln ini.

Kalian ini official store MAP group atau bukan sebenarnya ya?

Maaf bad review, sy copas jawaban CS anda deh.. semoga jd pembelajaran.",1
219,b*****1,Tampilan:keren ğŸ‘ğŸ¿,5
220,h*****t,"Mantep cokk, udah gak perlu diragukan lagi, pengiriman cepat juga,  thanks Converse Indonesia",5
221,renimartasari88,"mantap banget lah. adminnya informatif banget. pas bingung sama ukuran juga diarahkan. sempet khawatir ukurannya kekecilan, ternyata malah kebesaran duikit banget. tapi kalau dipakein kaos kaki pas kayaknya.",5
222,d*****k,bahannya bagus banget dan gaada cacat sama sekali. minusnya cm gabisa dituker doang ukurannya. tp selain itu ok banget!! yg penting ukur kakinya dlu sebelum beli ğŸ‘ğŸ»,5
223,wazawski,"dua kali beli dua duanya diharga 800rb wkwk, mantep lah thank u converse",5
224,nenglala33,"Tampilan:mantul
Warna:black

cakepp. size agak kegedan kalo ga pake kaos kaki. but ok lah. aku size 40/7",5
225,jualanape,Baguss sayang size 6 terlalu kecil diaku barangkali ada yg mau barter sama size 7 boleee banget belum dipake samasekali,5
226,ichsannyusuff,"Tampilan:elegan ori emang beda sih
Warna:sesuai gambar

Ga nysel beli ori",5
227,j*****u,"Tampilan:barang sesuai iklan
Warna:black

Pengiriman cepat, sangat memuaskan",5
228,anggiyo7,"Warna:sesuai
Tampilan:keren

Keren pas banget suka bangettttt thanksss yaa",5
229,hernanwang21,"Tampilan:sangat bagus ğŸ‘ğŸ»ğŸ‘ğŸ»
Warna:sesuai dengan picture

Dijamin puas.. ğŸ‘ğŸ»ğŸ‘ğŸ»",5
230,astiii31,Ada harga ada kualitas lah yaa. bagus bgt gaa nyesel belinya. thanks seller,5
231,r*****9,Size 38 : 5.5 cm,5
232,ilmanalfa,"Barang authentic, recommend.",5
233,nurmahdyt12,,5
234,tikasupartika,"Barang bagus tapi sayangnya jahat banget tidak bisa tukar ukuran, dan hasilnya tudak bisa dipakai beli mahal2 huhuhuju, kecewa",5
235,bahtiar1122,"Tampilan:elegan casual
Warna:black white egret

Pasti ori kalau shoppe mall,sudah lolos qc jga",5
236,r*****3,"ga rekomendasi kalo buat beli online buat kasih hadiah orang, karna size tidak bisa dituker kalo kita salah beli,penjual juga ga ngasih kebijakan jika kita salah pesen size. NYESEL kalo tau beli di toko aja. rugi 1,1 sepatu ga bisa dipake karna kebesaran, ga lagi lagi beli disini",1
237,azzahrajastikasyabilla,"sukakkk keren bgt fren nyaman dipakee, kurirnyaa josjissddd",5
238,siscacicilya,,5
239,muchamad13_,"Tampilan:menarik
Warna:hitam

Saya pesan size 6 = 24,8 kok yang dateng 6=24.5 ya?
Tali ya emng ngepas apa panjang si kok keknya ada yang sampe di iket di pergelangan kaki?",5
240,andrimusadi1,"Tampilan:biar lebih skena
Warna:monokrom gitu

Barang bagus betul, Size alhamdulillah cocok abis, cuman kokkkkkkkkkkkkkkkkkkkk adminnya lama responnya yah, sehari sekali balesnya, tau kok banyak kerjaan, tapikan konsumen perlu info dan kepastian jugağŸ˜Š",5
241,stefany.angeline,"sepatu kebesaran krn size tdk sesuai dgn yg dipesan dan sepatu tidak dapat ditukar walaupun tokonya official, kecewa sekali belanja disiniğŸ‘ğŸ»ğŸ‘ğŸ»",1
242,nathaniagiovanni,"size tidak sesuai dan ketika dikembalikan lagi kotak benar"" hancur",3
243,sullastry,"Tampilan:sesuai diskripsi
Warna:sesuai pesanan

Top markotop",5
244,sapri_yadi94,Bagus tp  bgt  tp adminya gk blg kalau hrs down  sizw jd agak besaran dapat,5
245,lisaaputri30,,5
246,novitahajariaswati,,5
247,giejhon03,,5
248,nadyaputriay,Bagus banget original pas ukurannya sesuai empukkkkkkkğŸ¤—ğŸ¤—,5
249,choirul_firmansyah0510,"Tampilan:sangat keren
Warna:sesuai

Mantap",5
250,lutpiajoo,,5
251,rakaregiana,,5
252,s*****s,,5
253,b*****a,Bagus bgt. Ga nyesel beli ini.,5
254,rizkaafandi2810,"Packaging sepatu terbaik sih ini, mantapp poll",5
255,thioangliesubarnas,pengiriman lama!!!,1
256,editapurwa,,5
257,shinta.kumala,Bagus banget pasti ni adek ku seneng dikasih ini makasih kak,5
258,putritiny00,"Tampilan:bagus
Warna:bagus

bagus",5
259,agustinaramba,"Kualitas:sangat bagus
Styling:ok
Saran Tampilan:bagus",5
260,ryosasongko8,,5
261,k*****6,,5
262,drais031,,5
263,d*****3,"Mantap, semoga barangnya awet pengiriman juga lumayan cepat",5
264,kyla.856,Warna:Suka banget,5
265,yollayunanda27,"Tampilan:100% original
Warna:black",5
266,ikoahmad255,Good,5
267,dinatriww28,"Gilaa cepet bangett sampenya, tapi kok barcode nya gak bisa di scan ya???",5
268,k*****2,,5
269,cahyajuliawan,,5
270,bellafeb21,"Warna:black
Tampilan:casual

Keren barang ori âœ¨ğŸ’–",5
271,m*****i,"gilaaa keren banget, pengiriman cpt banget!",5
272,dita_dyanti,"Tampilan:bagus
Warna:hitam",5
273,yogie25,"Tampilan:BAGUS
Warna:sesuai",5
274,irvanm02yuhu,"Tampilan:bagus
Warna:bagus dan sesuai",5
275,ikhsalmukki,"Warna:Pas
Tampilan:Sangat bagus

Mantap",5
276,f*****r,"Tampilan:ori
Warna:oke",5
277,dedyisnaini,Mantap original sepatunya..,5
278,quileutedulsky,,5
279,farhanmahendraar,"Mantap, cuma size nya nge pas sekalii",5
280,lusiananeneng,"Bagus,packing juga sangat rapih next order lagiğŸ˜Š",5
281,d*****i,"Tampilan:ok
Warna:P

Itu ukuran nya coy",5
282,a*****p,"Tampilan:oke
Warna:hitam

Semua oke",5
283,sofiankhutell,"Thanks kak , barang sudah sampai  memuaskan ğŸ‘",4
284,ismiyatunnarti.,"Tampilan:sesuai gambar
Warna:baguss",5
285,t*****h,"tadinya mau pesen ukuran 38 tapi takut ngepas, yaudah jadi beli ukuran 39 lumayan masih ada sisa dikit depannya. oh iya barangnya cepet bgt sampenya, mantul ğŸ‘ğŸ»",5
286,s*****a,"Pengirimannya cepet bangettt, tapi sayang salah ambil size, tapi its oke masih tetap keren. ğŸ‘ğŸ‘",5
287,nittaandria_067,"ga sempet difoto,oryginal kualitas gausa ditanya,besttt pokoknyaa",5
288,s*****0,alhamdulillah udah sampe paketnya. terima kasih seller heheheheheheh,5
289,l*****y,thanks ya barangnya sudah mendaraaat dengan selamat!<333,5
290,anggiandrian8290,Tambah koleksi ğŸ˜š,5
291,mimirahadian15,"Ori....sist.... 
Tinggal dipke buat kerja inimaaa ..... 


Terbaekkkkkkkklah",5
292,nokimeh01,Bagus bgt lumayan lah beli pas ada cashback 200 rb thanks,5
293,4074roms7q,Mantappppppp,5
294,rahmanianuraini14,Original,5
295,e*****s,,5
296,awahyudinpolo,Kegedean min bisa dituker gak . Tuker ukuran Us 9 ?,3
297,maysa_heny,Sy blum menerima pesanan sy. Dan sy kmarin mengajukan penukaran nomor. Dan alamt yg sy gunakan hotel dan parahmya sy sdh chekout dri hotel. Sy bingung sapa yg menerima sepatu itu,1
298,aldiardian69,,5
299,vwxyzahr,Lem lem-an nya ngga rapi gara2 harga diskon wkkkw,3
300,aminsaputra994,"Di catatan sy tambahkan ukuran brp, tp syang yg dtg ttp ukuran 42 . Terpaksa d jual",3
301,ziisazis,"Warna:hitam

Bagus suka sekali. Tapi sayang nya gadapet bonusan kaos kaki dsb",4
302,amiraaaa_38,Size kegedean harusnya masih bisa di tuker karna sayang juga kalo kegedean jadinya gak kepakai,4
303,g*****a,"Kualitas tidak diragukan lagi
Original",5
304,l*****s,"Aneh tidak bisa tukar size, padahal official store:(",4
305,p*****a,"sepatu blm sampai disaya, saya ajukan oengembalian tpi ditolakğŸ‘ğŸ»",1
306,mandvrxsantoso_123,Respon seller lama. Nanya ukuran malah lgsg di kirim...,1
307,s*****s,"jangan beli disini harga lebih mahal, official paling aneh",1
308,r*****i,"All good, always be chuck 70s lover",5
309,casbon58,"Bagus sih,cuma ke gedean dikit gk bisa d terur malessin",2
310,riskifrastynto,Converse no couter,5
311,suartawanello,,5
312,melkytriandika,,5
313,arigaye,,4
314,andriyansah25,,5
315,rizkiade97,Pokoknya suka bngtttt,5
316,r*****a,baguss mengkecee thankiess yeah. maaf pamer couplean sama ayangg,5
317,b*****6,,5
318,fahmirosadi17,Kereeeenn,5
319,bas17hd,,5
320,rmizer,"Tampilan:bagus

Sayang y kegedean dikit",5
321,z2er8de1sy,"Ok, tapi kebesaran",5
322,adealifhadadnurohman,,5
323,ahlyaibnuabdullah,,5
324,devsiahaan,Kece!,5
325,s*****o,,5
326,yosuaseptiansihombing,,5
327,whystore_1,gausah diraguin lagi pokoknya love bggtttttt,5
328,a*****i,Pas scan barcode kok gak bisa masuk web ya ?,4
329,inasuhartina767,,5
330,a*****3,"Warna:mantap
Tampilan:oke

wort it",5
331,andiand93,,5
332,ariiiii666,Gak mungkin gak original dong ya... Pasti original,5
333,j*****l,,5
334,c3z9rgpzxw,"Tampilan:cukup puas
Warna:ok",5
335,aldriansyah11,"Tampilan:bagus
Warna:keren

Ori",5
336,nikenlabahi,"Tampilan:baik
Warna:baik",5
337,peace.sosialtyyoung,"Tampilan:bagus
Warna:bagus",5
338,irenefrenitaburhan,"Tampilan:oke
Warna:oke",5
339,ernaherfiana90,"Tampilan:ok
Warna:ok",5
340,w*****a,"Tampilan:keren
Warna:pas",5
341,farhan.azkia,Tampilan:guuddddd barang gurihhhh,5
342,jundikaa,mantap pas di kaki,5
343,m.salman021,Thanks barang sudah sampai,5
344,hagie81,Warna:bagus,5
345,syariati_11,"Warna:sangat bagus
Tampilan:bagus banget",5
346,d*****r,,5
347,falsdanny99,"Tampilan:Original Seribu Persen
Warna:Well",5
348,w*****a,"Warna:black and white

Produk original",5
349,s*****r,sepatunyaa bagusss bgttttt wenakkk dipakeğŸ¥°ğŸ¥°ğŸ¥°,5
350,a*****a,"Tampilan:baguuuss
Warna:hitam",5
351,ninetyshop,"Tampilan:nice
Warna:black",5
352,e*****d,"Tampilan:sesuai
Warna:Sesuai",5
353,rezgi_o3zq,sangatt puass dengan harga segituu,5
354,r*****7,Secakep ini emg selalu jatuh hatiâ™¥ï¸ğŸ¥°,5
355,riansyah08,Jangan ragu dh pokok nya,5
356,f*****n,"pas mantab
recommended ğŸ‘ ğŸ‘ ğŸ‘ ğŸ‘ ğŸ‘",5
357,t*****f,Bagus bangett adikku suka,5
358,fallsdidi,Goks ini mah ğŸ”¥,5
359,vikaamaliani22,Oriii baguss syekalee,5
360,r*****h,Aaa suka bgtt,5
361,s*****y,baguss bangeetttt,5
362,maysa_heny,Keren mantap,5
363,luthfiyashofyhafiza,Mantap original,5
364,tegarm06,Nice mint,5
365,agumcahya,Mantap gan,5
366,lviaachyn,Bagus,5
367,choironi_,Mantap,5
368,nunovalenthe,mantapp,5
369,bacilbastian,bagus,5
370,taufikrizky11,gagahhhh,5
371,adeeeedia,,5
372,v*****a,,4
373,acca001,,5
374,v*****i,,5
375,ardiwijaya_1991,,5
376,muhammadhanif110232,,5
377,bongol_,,5
378,t*****s,,5
379,octafiaeee,,5
380,ilham.b18c,,5
381,fikrifadilah305,,5
382,syafruddin.daeng,,5
383,r*****i,,5
384,d*****1,,5
385,riskasitif133,,5
386,fuzysetia99,,5
387,pasphototjakep,,4
388,amyadiwinata96,,5
389,r*****o,,5
390,ddjawa,,5
391,k*****o,,5
392,ginnasn,,5
393,nadakim_,,5
394,s*****s,,5
395,w*****r,,5
396,triwidiyantie,,5
397,a*****a,,5
398,widianast11,,5
399,rands_1994,,5
400,d*****4,,5
401,asw6r323,,5
402,haeckel99,,5
403,t*****i,,5
404,nurhadi...,,5
405,deniaditya23,,5
406,masmudsaniratuloly17,,5
407,dede.andoerachman89,,5
408,alafarhannajih,,5
409,andreanwbisntoso,,5
410,ahmadrizki05,,5
411,sitiirohimanah.01,Cepet bgtttt!!!,5
412,countgriev,Mantap,5
413,podiliaklau,,5
414,ayumeta24,,5
415,yeniyustia,,5
416,rffishyk,,5
417,e*****a,Ga dikasi tau ukuran yg tertera man or women,2
418,estersitanggang84,Kecewa cuma gk bisa di retur gnti ukuran,2
419,gabrellanatasia,Beli uk 37 kaya uk 39 huhu ğŸ˜­ğŸ˜­ğŸ˜­ğŸ˜­ğŸ˜­ğŸ˜­,4
420,salman.mufti29,Sepatu terganteng yang pernah saya pake.,5
421,atho_sensei,Tampilan:SALAH UKURAN MINN!!!!,3
422,mhmd_yusuf10,Mantap sesuai pesanan. Thanks converse,5
423,nandyapurbaningrum,slow respon aja kak terus,3
424,ariphb22,jaitannya tidak sesuai harga,1
425,f*****i,Bagus banget suka!,5
426,angellia_np,Kereeen bangettt!!!,5
427,akoto_clothing,Ganteng +++,5
428,nopalkunnn,cakepğŸ‘ŒğŸ»,5
429,ralitahibatul,Bagus banget,5
430,andrislmnn,Warna:Black,5
431,ijpamungkas,Naissss,5
432,dhonichester,Cakeupp,5
433,tecenissa,,5
434,tiarriyani,,5
435,riskasitif133,,5
436,archellis,,5
437,w*****_,,5
438,acep_peri08,,5
439,erwintamapratama,,5
440,ayeshaxaviera_04,,4
441,angelinejualan,,5
442,m*****a,,5
443,melatisembiring44,,5
444,siti_hajrah,,5
445,rizkymilya,,5
446,erikaulp,,5
447,i*****i,,5
448,wans_olshopp,,5
449,imaythoma,,5
450,diptarama16,,5
451,y*****i,,5
452,echaladk,,5
453,eh.icang28,Pengiriman cepat,5
454,dimasta8,Hsu hahhaha. Uuussuu.  Jajkbab,5
455,d*****d,Terbaik ini dapet potongan 200rb,5
456,r*****q,,4
457,03mr04,"Sepadan dengan Uang:gokilll nih barang, pas cocok
Styling:pake celana apa aja masuk rekomen dr gw pakai, loose pants/cargo/reguler pants
Saran Tampilan:pinter2 mix & match warna aj",5
458,r*****a,"Kebesaran, saya salah juga se ambil ukurannya ga terlalu teliti. Tapi gapapa overall bagus ko",5
459,k*****1,"Warna:item putih
Tampilan:bagus

sepatuny bagus bgttttttt kiw 
so gewddddd pol",5
460,d*****i,"Saran Tampilan:bagus sesuai dengan yg difoto, barang 100% ori
Pas untuk Acara:kuliah dan acara cassual
Kenyamanan:pas di kaki ukuran 8.5",5
461,apriliandjani,"Tampilan:bgs
Warna:hitam

Ingat yg kw made in Vietnam. Yg ori made in cina. Yg ori di press, yg kw di lem ok..... Hehehe",5
462,e*****a,"Tampilan:minus lekukan

ORI harusnya,minus lekukan ky difoto sepatu sblh kanan.yg lain okee
Seler slowrespon ga enak tanya2",3
463,mangmaz,"Mantap jivvaâ€¦. ğŸ‘ğŸ»
Nanti klo mau beli lgi pasti saya pesan kesini lagi",5
464,a*****i,"Sepadan dengan Uang:sepadan dengan kualitas
Pas untuk Acara:apapun
Kualitas:bagus kali

Barang oke ,oke pengirim cepat",5
465,supermansilvergun,"Sepadan dengan Uang:Sepadan
Kualitas:ORI

Akhirnyaaa...kesampean jg beli sepatu ini dgn harga yg sangat wort it krn dpt pocher potongan,

soal kualitas mah ya jgn diragukan lg jaitannya rapih, scan barcode tembus web, insole empuk parah, tag kanan kiri berbeda, intinya 100% ORI bosss,

pengirimannya ga sampe 24 jam gokiilll...kirain bakal lama diprosesnya secara flashsale tgl cantik kan, tp ini store emg gercep parahh sat set 

Sukses selalu #converseindonesia semoga next bisa beli lagi...",5
466,finaasyafrina,"Warna:hitam
Tampilan:keren

Uk kaki 24,5 pake uk 0.6 pas ngga sakit",5
467,ullyandriyani30,"Styling:barang ori
Sepadan dengan Uang:sesui dgn harga dan barang
Saran Tampilan:rincian ukuran tolong lebih diperjelas

Barang yg saya beli sesui dg pesanan, namun ukuran yg saya pesan kebesaran. 
Karena saya bingung dgn deskripsi ukuran yg ada .",5
468,nenniiryansyah,"Pas untuk Acara:casual
Kenyamanan:sangat nyaman digunakan
Styling:bagus untuk dipake kerja , jalan , nongkrong

Gak nyesel pokoknya beli di sini original barangnya top",5
469,a*****q,"Pas untuk Acara:kemana aja
Kenyamanan:nyaman

Produk original, aslinya bagus bgt bawahnya empuk 
Saya sangat suka sekali, sayanganya ukuranya kurang lengakp jadi agak kegedean dia aku dan gk bisa dituker 
Pengiriman cepat bgt bgt",5
470,ndaz82l98l,"Saran Tampilan:apa aj masuk
Sepadan dengan Uang:sepadan
Kualitas:ori

mntp",5
471,andritriasmoro666,"Pas untuk Acara:bebas
Styling:mantap
Kualitas:ok

Suka",4
472,hannad1997,"Barang bagus sih, tapi pengiriman barang lama dan tdk sesuai waktu",5
473,heriprasetyo1505,"Saran Tampilan:buat nongkrong/ kerja/kuliah
Kenyamanan:dalam nya empuk
Pas untuk Acara:non formal

Yaah sayang Made in China siih, walaupun beli nya di store resmi tapi tetep aja kalo beli barang Made in China rasa nya kurang.",5
474,riytarheyta,"Ori dan ukuranny pas alhamdulillah, pengiriman kilatğŸ¤­ğŸ˜",5
475,rikisaputra030801,Mantap bngt ini sepatu keren Thank u converse ğŸ™ğŸ»ğŸ™ğŸ»,5
476,navyonlineshop_bdg,"kaget salah klik , harusnya no 3.5 malah 4.5 . Eh ternyata pas dong , ga kegedean . ğŸ˜ğŸ˜",5
477,pritady20,"Alhamdulillah sampe. Cepet banget lagi hehe
Maapin ya kak kalo bawel suka nanyain kapan sampe kapan sampeğŸ™ğŸ»
Puas banget sii sama barangnya, beli di official converse pasti dijamin orinya",5
478,tirtaleo88,"Saran Tampilan:oke
Pas untuk Acara:apa saja
Kualitas:lumayan",4
479,i*****7,"Pas untuk Acara:casual
Kenyamanan:nyaman
Kualitas:ok

Sepatu udah diterima , bagus banget original
. Adekku sukaaa , biasa pake size 36 disini aq pesen size 3,5 US. Pas dipakai. Pengemasan cepat dan barang okeee bangeett ... Thankyou seller",5
480,n*****j,"Kenyamanan:sangt nyama dipakai
Sepadan dengan Uang:worth it

Kualitas produk original. Engga ngepas banget di kaki. Nyaman banget. Pengirimannya juga cepet. Pokoknya puas banget deh",5
481,zia.jiung,"Kenyamanan:Sangat Nyaman
Styling:Pasti Keren Kalau Converse
Pas untuk Acara:Ngantor, Nongkrong, dan Kondangan

Produk original sesuai deskripsi, kondisi super kinclong dan mulus, packing cukup rapi dan aman, dapet extra box jadi kondisi box aslinya tetap bagus. Pengirimannya juga cepat, 2 hari langsung sampai. Terima kasih Shopee dan Converse, semoga makin sukses.",5
482,madebyviii,"Saran Tampilan:jajasvjana
Kenyamanan:mantav
Kualitas:hok a hok e

sepatu mahal nih boss senggol dongg slebewww xixixixi  

https://encrypted-tbn0.gstatic.com/images?q=tbn:ANd9GcSK-QTh7gDpdaEn1aaPciAjzaFzbHbwsPnoBA&usqp=CAU",5
483,anggunsurya28,"Pas untuk Acara:cocok banget
Saran Tampilan:semua cocok
Sepadan dengan Uang:harganya sepadan dengan barang

bagus banget, barangnya jelas ori, bantalannya jg empuk dan tinggi, cocok banget deh bagus banget pokoknya",5
484,galuh12cantik,"Sepadan dengan Uang:sesuai
Kenyamanan:nyaman bang

Bagus banget sesuai dengan harga bagus parahğŸ¥°ğŸ¥°ğŸ¥°",5
485,indahnurazizah15,salah satu bagiannya ada yang kurang jadi copot pdhl belum sering di pakai belum nyampe satu minggu,3
486,t*****n,Barang sesuai dan pengiriman oleh seller cepat. Thanksss,5
487,rahmann090,"Kualitas:bagus
Styling:ok

Barang bagus tapi pengiriman aga lama",5
488,danmen92,"Kualitas:mantap
Pas untuk Acara:apa aja cocok

Brang ori pasti, ngirimnya aja agak nunggu, overall worth it!",5
489,f*****1,"Styling:tcakhep bwanget
Sepadan dengan Uang:âœ…âœ…âœ…âœ…
Saran Tampilan:âœ…âœ…âœ…âœ…âœ…âœ…",5
490,t*****i,"Pas untuk Acara:All events
Kenyamanan:sangat nyaaaman
Sepadan dengan Uang:sangat sepadan

Untuk bahan dan material sepatu converse 70s gak usah diragukan lg. Sol dan jahitannya juga rapih pokoknya jempollll dehhh",5
491,abahali847,"Alhamdulillah akhir nya mendarat dengan selamat, sudah lama sy impi2kan sepatu ini dan alhamdulillah udh bisa kebeli pokonya klo ada mah *bintang 10 dehğŸ¥°ğŸ¥°ğŸ¥°",5
492,d*****l,"Pas untuk Acara:semua acara
Styling:oke
Kualitas:apalagi

Barang bagus original cocok dipake kesemua acara sii aman",5
493,dian_rizy,"Styling:cocok
Kenyamanan:nyaman banget dan dijamin 100% ori

Cocok banget",5
494,e*****4,"Pas untuk Acara:segala acara

Untuk ukuran kaki 27 cm nyaman pakai ukuran 8,5 mantap rekomendasi",5
495,v*****5,"Kenyamanan:ya converse pada umumnya
Styling:vintage
Kualitas:ori yang jelas, qr code tembus semua

Pengiriman cepat bgt. Jumat order, Sabtu barang nyampai",5
496,taufik.chidayat,"Kenyamanan:pengiriman cepat
Pas untuk Acara:apa aja
Saran Tampilan:bagus

Barang cepat datang, kwalitas barang bagus dan original",5
497,yacobuslamba214,"Kualitas:barang oke, mantul cuman penyok dalam pengiriman tp aman dalamnya, pokoknya mantul barangnya",5
498,mawar_bella26,"Pas untuk Acara:mantepp
Styling:keren sih
Kenyamanan:pas ukurannn

Sudah order berkali2",5
499,diyannurhaini14,Barangnya bagus original dan sesuai dengan pesanan pengiriman cepat dan kemasannya aman banget,5
500,n*****1,"Saran Tampilan:kece
Kualitas:bagus
Sepadan dengan Uang:sepadan",5
501,fikhikobayakawaf,"Sepadan dengan Uang:gg pernah mngecewakan s mall mh
Styling:mantap keren
Kualitas:gg usah d ragujan lagi",5
502,leeayikh,"Sepadan dengan Uang:bangat.
Pas untuk Acara:Semua acara.
Kualitas:Oke bangat

BTS SaranghaeğŸ’œ. 
Impresif. Saran ajah sih buat teman2, kalau kakinya panjang 23cm terus lebar. Mending pilih  yang ukuran 24.8. Itu pasti muat. 
Emang badas sepatunya, bikin tampilan kita jadi swagg.",5
503,ihguvuga,"produk sesuai, pengiriman cepat tapi sayangnya slow responn",5
504,lazuardyhabilll,"Kenyamanan:solenya empuk dan nyaman saat di pakai
Styling:cocok untuk berbagai acara
Kualitas:bagus

semoga awet dan bertahan lama, thx saller",5
505,atalasiaf.,"Styling:mantaf
Kenyamanan:oke
Sepadan dengan Uang:oke

bubble wrap bukanya boxnya di balut tapi malah di taro rapi di samping box sepatunya, apagunanya dikasi bubble wrap anjir, boxnya rusak jadinya kan. Yg packaging PEAK bet dah!",5
506,y*****o,"Sepadan dengan Uang:sepadan
Kualitas:Legit, original
Pas untuk Acara:casual santai

Barang telah mendarat dengan aman dan selamat.
Ada harga ada rupa, original pastinya.
Mudah mudahan awet untuk pemakaian jangka lama.
Packing aman dan kualitas tidak perlu diragukan lagi.",5
507,q*****p,"produk sangat original. ada harga ada kualitas. proses pengiriman cepat. 
saran : kalo uk kaki 40 pilih size 7ğŸ‘",5
508,radenmassaid9,"Styling:bagus
Kenyamanan:lumayan
Pas untuk Acara:casual

Pengiriman cepat, produk bagus original, tapi sayang made in China, pengennya made in Vietnam karena ada sedikit perbedaan dan kualitas produksi.",4
509,agus_yuldi_yoelanda,"Kenyamanan:mantap
Saran Tampilan:cakep
Pas untuk Acara:acara apa saja kecuali renang

Pasti ori di official Converse",5
510,jayajayuz__,"Kenyamanan:kalau dari segi kenyamanan sih biasa aja,, karna pada dasarnya Converse Chuck Taylor 70 emang dasarnya kaku. Tapi look nya yg gua suka, keren parahh ğŸ”¥ğŸ”¥
Styling:Keren abisss",5
511,rivaldiakbar123456,"Styling:Keren
Kualitas:ori lah
Sepadan dengan Uang:worth it.",5
512,r*****3,"Saran Tampilan:kelas
Styling:kelas
Pas untuk Acara:semua nya

uhuuyy",5
513,armanpa1000,"Saran Tampilan:bagus
Styling:keren sesuai harga
Kenyamanan:baik",4
514,annisaa14_,"Pas untuk Acara:Segala acara
Kenyamanan:Oke
Kualitas:Oke

Mantep banget, dapet diharga 850. Kualitas top, ukuran 24,5cm pas pake nomor 5,5. Thank you!",5
515,juliodatonbagaskara,"Kualitas:bagus

Semoga awet, ini QR nya gak bisa scan kenapa yaa hemm",4
516,i*****_,"Kualitas:oke bgtttt

converse gbisa diraguin lg si emg sebagus ituuu, thankyou ğŸ¤˜ğŸ»ğŸ¤˜ğŸ»",5
517,niaaaa_pwark,ukurannya ga sesuai sm yang di size chart. katanya beda 1-2cm tapi ini beda 4cmğŸ’”,4
518,niaaaa_pwark,100% original. ukuran pas. pengirimannya juga cepet banget.,5
519,j*****k,"Pas untuk Acara:casual
Kenyamanan:ga bikin lecet

pengiriman tepat waktu dan lebih cepat admin juga ramah. converse ku dptmya yg made in china",5
520,wazawski,good quality good service good shipping pokonya mah meledak well,5
521,baaaldi,"gaperlu bukti foto,, dijamin 100 persen aman. sampainya juga kurang dri 7 hari.. terbaik lah",5
522,ariqmuh11,"Styling:Casual
Kualitas:Original bagus

pengiriman super cepet, baru pesen hari minggu ternyata selasa siang udah sampai. thank youuu",5
523,ika_1988,"Sepadan dengan Uang:ya
Kualitas:original
Kenyamanan:nyaman sekali

Sepatu ori , hnya kebesaran saja",5
524,ag5xy4rncc,"Kenyamanan:baik
Sepadan dengan Uang:harga tidak membohongi

Barang bagus 100% original",5
525,agengaridwankartagimana,"Mantul emang, beda kalau ori feel dipegangnya juga",5
526,pangeran_tyo01,"Kenyamanan:nyaman dikaki
Saran Tampilan:inovasi tiada henti
Styling:bagus",4
527,hisweetykarawang,"Wearing Comfort:Sangat amat comfort

Barang bagus, menabah rasa percaya diri saat dipake.",5
528,f*****o,"Packingnya aman bgt, aku ambil 44 padahal size 42 overall enak bgt ga kerasa kegedean klo pakai kaos kaki malah kaki leluasa gerak dan ga gerah. Akhirnya punya sepatu Ori wkwk",5
529,d*****a,"Kualitas:oiginal
Saran Tampilan:bagus bnget
Styling:pokok nya kereeen

Baru pertama kali beli, alhamdulillah barang bagus banget. Ukuran sepatu biasanya 38 dan aku beli di size 5.5 alhamdulillah cocok, tapi rada kepanjangan sedikit. Tapi gpp. Tetep cocok kok. Alhamdulillah makasih. ğŸ™",5
530,t*****a,Sizenya besar sekali. Tidak dijelaskan sizenya berdasarkan Pria dan Wanita. Ketika sizenya kebesaran dan ingin ditukar tidak bisa .,1
531,a*****9,"Tampilan:sangat bagus
Warna:black

keren pisan inimah",5
532,ricoferniawan,"Pas untuk Acara:Apa Saja
Kualitas:Mantap
Sepadan dengan Uang:1.000.000",5
533,andreamrj,"kualitas sepatunya baik, ukuran yg tertera menggunakan size us, namun barang yg dikirim menggunakan size uk
tp barang tidak dapat ditukarğŸ¤©",1
534,sitiraudohh,"Suggested Look:Good
Quality:Good
Suitable Occasion:Good

Pengiriman super cepat, n barang 100% ori",5
535,masrifqi26_,"Pengirimanya cepet, tapi detilnya agak kureng hmmm",3
536,d*****u,"Baguss banget sepatunya! Ukuran kakiku 22 cm, pilih size 3.5 cocok bgt. Nggak kebesaran nggak kekecilan juga.",5
537,t*****1,"Tampilan:Keren
Warna:sesuai

Sesuai deskripsi, asli keren....",5
538,yuniira00,"Pengirimannya cepet bgt ga nyampe seminggu, thank uâ¤ï¸â¤ï¸â¤ï¸",5
539,k*****_,"Suitable Occasion:hangout

Best purchase of this month, build quality oke dan ori. Thanks converse id!!",5
540,nandrafs27,"Barang bener"" ori puas pokoknya. Pengiriman cepet bgt mantap pokoknyağŸ¤©",5
541,vinsensiusandrepabayo12,,4
542,teddysans,Kualitas tidak diragukan lagi,5
543,w*****i,"Sampai tujuan dengan aman, no minus!!",5
544,dikidwihermawan135,"Tampilan:bagus
Warna:hitam",5
545,muhamadharywan,"Keren, sangat puass",5
546,m.bagil,the best,5
547,gangghahaha,,5
548,alfaizi88,,4
549,wiwinchurniawati,,5
550,r*****d,,5
551,andioey09,,5
552,n*****_,,5
553,nurhusna6,Gak lolos qc sepertinya,2
554,creativemjh,Keren abis ..,5
555,indracahya12.,Mantaf,5
556,tiopratama18,ok,5
557,ip.rahman,Mantap,5
558,mhalif666,,5
559,f*****b,,5
560,touchstrange,Tampilan:uwiiiih mengerikan,5
561,nicomasagungs25,Barang original packing rapih,5
562,bigharcaesr,"Warna:pekatt
Tampilan:memikatt",5
563,yudiprayogi22,Tampilan:keren gais,5
564,pratama4,Nyampenya cpt bgt!,5
565,sinagaadit,Tampilan:ok nice,5
566,lawrencetheodorus,"Tampilan:bagus

bagus",5
567,muhammadzaadalzabah,Sepatunya bagus. Ok,5
568,riyanananda,Tampilan:kereen,5
569,dayday420,Tampilan:mantep,5
570,melia.febriza,Tampilan:ori,5
571,j*****0,Barang ok,5
572,danangsatriow,Pengiriman sangat cepat,5
573,muhamadirpanrivai,"Warna:basic
Tampilan:original

RekomendedğŸ¤",5
574,antonkurniawan09,Tampilan:ga pernah salah,5
575,9028tx68oa,Tampilan:bagusss,5
576,d*****j,"asli, ribet. dan gabisa di refund retur ga gunağŸ˜­",1
577,luqmanriswanto387,"Omg keren banget, so excited buat beli lagii",5
578,ambarwatty,"Bagus,tp kebesar dikit ga pa""",5
579,ramadhan2513,made in china ya gaes buka vietnam,5
580,donidriwarnantta,Selalu terbaik dan gk pernah ngecewain,5
581,,Belum dicoba semoga tidak mengecewakan,5
582,muhammadzikri240901,No comment lah yakâœŒï¸,5
583,adistiandika,Bagus banget parahhh anjing,5
584,fauziahsisi9,Baguss bgt love it,5
585,r2yum47b3l,Tampilan:kekecilan oi,4
586,vicky.rahmansyah,"Tampilan:Jos

Mantaps",5
587,setiabagusibrahim24,Kegedean Ga bisa retur,1
588,ayualesha123,"Warna:black

Bagusssss",5
589,l*****6,bintang aja yang jawab,5
590,fabiomaulana28,Puas gaes belanja disini,5
591,raflibachtiar27,Kegedean tapi gapapağŸ˜‚,5
592,albab1994,Mantap semoga awet,5
593,a*****4,MasyaAllah bagus bangetğŸ˜­ğŸ’™,5
594,x*****v,sesuai dengan gambar,5
595,batiksbr,Bagus semoga awet,5
596,4u_gpjhjd8,Mantapp pisannnnğŸ¤©ğŸ¤©ğŸ¤©,5
597,helloshoppid,Suka suka sukaaaa,5
598,yeti_rifai15,Bagus ğŸ‘ğŸ‘ğŸ‘,5
599,ikhsanbakhri95,"Mantapppp, kerennnnn",5
600,m*****h,Nice ğŸ‘,5
601,jekiandesta,Keren pokoknya,5
602,hipayyy,oke mantap,5
603,tedikomara2000,Mantap pokonya,5
604,dita_gultom,Nice ğŸ¤™ğŸ»,5
605,yusroncholil,Pengiriman tekat,3
606,bellegallery9,Bagus,5
607,i*****7,Kereenn,5
608,u*****r,cakepppppp,5
609,mohermss,Mantap,5
610,opittoip,Mantep,5
611,novalrafiif,Gahuuuul,5
612,s*****0,Bagus,5
613,kelabutrick,ggwp,5
614,ilhammhafizi,nice,5
615,yusak_pratonggo,Good,5
616,ekaputraperdana,Terimakasi,5
617,sembilan410,awsomeee,5
618,m.ervan,Ok,5
619,jsjsuwwi,Mantap,5
620,m*****n,Ok,5
621,viossssss,Mantap,5
622,dafy4548,MANTAP,5
623,bangzhur,Cakepppp,5
624,dirgaandara,Good,5
625,juliansumay,Bagus,5
626,superpacet,Terbaik,5
627,yauden,PATENNNN,5
628,bimakurniarahman,Legiitt,5
629,kemol1980,Mantap,5
630,a*****h,12345,5
631,adamm12_,Good,5
632,giantkasepbgt12,Madep,5
633,danielstwann,Josss,5
634,nathanielnicander,,5
635,ristianiam080399,,5
636,jojostore77.co,,5
637,susishalihat,,5
638,ardi_19.05,,5
639,nutrijellllllll,,5
640,niszamaryana,,4
641,daragustirejeki,,5
642,e*****a,,5
643,tivecostly,,5
644,yanst,,5
645,j*****p,"Saran Tampilan:Good
Kualitas:Good
Styling:Good",5
646,enti1992,"Tampilan:original
Warna:hitam",5
647,riki_rencart,"""K E C E W A"" bukan made in vietnam",3
648,ilyan55,agak kecewa sii ukuranya kegedeann,4
649,theodorus899,"Warna:hitam
Tampilan:baguss

Enak dipakai",5
650,l*****0,"Mantap, kren, terbaikâœŒğŸ»âœŒğŸ»ğŸ‘ğŸ»ğŸ‘ğŸ»",5
651,udfiann,,5
652,abdi_lazuardi,,5
653,l*****6,,5
654,ahmatfiqih,,5
655,muhamad_pasha28,,5
656,siti_hajrah,,5
657,febygsmn_,,5
658,pinandityaardypratama,Pengiriman cepat,5
659,nazwee5279,ğŸ’¯%orii mantaplahh,5
660,anchicl,,5
661,biamen,,5
662,tuan.kucing08,"Styling:bagus
Kualitas:original",5
663,a*****0,Josss...,5
664,aseng22,Paten kali lah pokoknya....,5
665,wildanazahraikhsani,Okee,5
666,rudi1808,,5
667,a*****a,"Kualitas:Ok
Styling:Keren",5
668,sentsh0p,Nice produk,5
669,arikusmayadi11,,5
670,indramaulana0611,"Styling:oke bgt

Mantap.. Oke sekali. Makasih ya",5
671,sansan.rs,Oke,5
672,l*****h,Mantap keren abis,5
673,e*****b,Pas untuk Acara:Bisa untuk formal atau informal,4
674,widarosyalia66,Baru ku buka .. Waw luar biasa bagusss dan ori,5
675,khoirul18,,5
676,titakurniawan09,ğŸ‘ keren,5
677,h*****r,"gede bangett, adminnya juga ngartis parah bro, di chat gapernah di bales, nanya ini itu jadi susah hadeh.. yg lainnya okela cuman adminnya aja yg kyk eek",4
678,rchmn.fqh,,4
679,jatipangestu123,"Pas untuk Acara:nikahan,jalan jalan
Kualitas:joss",5
680,ferdias7,,5
681,rayhanbani,keren,5
682,muflih_mift,Kualitas:mantap,4
683,roryxvi,,5
684,mirallinjauhari,Sepadan dengan Uang:sesuai deskripsi,5
685,32rns,"Minta pengembalian ko di tolak,,ada kesalahan salah klik size padahal saya order lagi,harusnya seller paham dishopee tuh ada garansi barang kembali,,klo ga mau ada garansi ga usah jualan online,ngapain juga ada fitur pengembalian barang kan t0l0l",1
686,32rns,"Kualitas:sangat biasa
Kenyamanan:keras

Gue saranin jangan pernah beli online  converse disini,,soalnya gak bisa retur,management nya gak tau klo ada garansi pengembalian,salah size udh kelar ga akan bisa retur,,dari pada kalian nyesel mending langsung beli ke tokonya aja,,leble mall tapi aturan ga ngerti kan b3go",1
687,wahyufebriananda,Mantap,5
688,14hendry,Pengiriman yg cepat,5
689,d*****3,B A G U S ğŸ–¤,5
690,ijalkampai,"Lem nga rapi,kek sepatu kw anjay",1
691,m*****_,"Kualitas:Tidak Perlu Diragukan

GG sih",5
692,lqa_f36mwm,Respon admin jelek,2
693,m*****1,"barcode nya ga tembus, lainnya okee",4
694,desibulambae,"barang ori, tapi kebesaran",4
695,iis.marna98,Keren,5
696,rama_oktiant,Sorry bgt baru kasih ulasan sekarangğŸ™,5
697,algaandrean,Barang bagus ori,4
698,radiomalam,Okeh,5
699,mardiyahsyah8_,"Saran Tampilan:oke
Styling:oke
Kualitas:oke",5
700,t*****n,"Tampilan:keren
Warna:bagus",5
701,t*****i,Quality:bagus,5
702,o*****n,"Tampilan:sesuai
Warna:sesuai

MantapplğŸ‘ğŸ»ğŸ‘ğŸ»ğŸ‘ğŸ»",5
703,s*****0,Mantap,5
704,indrasetiawan552,"Styling:keren
Quality:bagus",5
705,fiqqih729,Tampilan:kuereeennnn,5
706,s*****l,"Tampilan:ori

Ori",5
707,uwan_01,Pengiriman cepat,5
708,dikaarya2001,Tampilan:cool,5
709,aldiindradi,"Tampilan:bagus
Warna:sesuai

Sesuai orderan",5
710,darmabagong,Mantap,3
711,marzuki_juky,Tampilan:sangat keren,5
712,l*****_,Packing aman seller fast respon dpet diskon smpe 200 ribu thankyou,5
713,evrianitas,"Bagus banget, ori juga, cuman di aku ternyata kebesaran :( aku jual yaa lagi nih, kalo ada yg mau bisa dm aku yaa, maaciwww :)",5
714,s*****l,"kbl kbl kbl keren banget loch, cepet banget nyampenya langsung swing",5
715,k*****6,Masa beli barang mahal cuma dapet koinya 25 aja sih ih shoppee pelit bgttt,5
716,i_am_neary,"Sepatunya size nya kegedeanğŸ˜­  Barangnya belum dipakai sama sekali, masih baru 100%. barangkali ada yg mau Aku kasih harga murah. krn percuma gabisa dipake krn kegedean. yg minat bisa hubungi 081238189149 (WA)",5
717,osiradati88,Telah mendarat dengan selamat. Produk original sudah jelas.,5
718,mypl34sure_,"Tampilan:CONVERSE ONLINE ITU JELEK

Nyesel beli di converse online. mending langsung ke STORENYA aja! converse online kaya ajg",1
719,j*****i,,5
720,jefri2993,,4
721,uchamusya,,5
722,megahandayani2407,,5
723,peggy_eghy,,5
724,y*****i,,5
725,risaherliana,,5
726,tresnasr24,,5
727,arnyresmihp,,5
728,sun_elektronik_khuntien,,5
729,trixiee.id,,5
730,xx.naaboerat,,5
731,sahnas.ar,,5
732,sharanmuham,,5
733,hasri_w,,5
734,elidasuharyati24,,5
735,b*****n,,5
736,desivarina,,5
737,s*****t,,5
738,sopianamita,,5
739,v*****a,,5
740,dennymarsahidd,,4
741,alsyaaufarini,,5
742,aang.sa,,5
743,nenenggelizneneng,,5
744,sulfiaoyberblue,,5
745,gradyhuxley,,5
746,rahmanruslan,,5
747,wdyrrs,,5
748,yayah_kurniyah,,5
749,keigeni,,5
750,giffari2412,,5
751,rizkyibra56,,4
752,isalabdlrhmn,,5
753,pettyfatimah11,,5
754,bebyy2,,5
755,fajarsodu,,5
756,ristantinindy,,5
757,padmiwindayani,,5
758,s*****i,,5
759,well_vintage_store,,5
760,raflyahmadfauzy,,5
761,shnt1310,,5
762,kuki.bgr,,5
763,safanasyakira,,5
764,hennygloria,,5
765,lorensap,,5
766,elisernawt,,5
767,runrun0682,,5
768,miftasy,,5
769,ds.cp,,5
770,sinthya_lustiana,,5
771,arisawa_14,,5
772,debipermataanggraeni,,5
773,adityapradhana1324,,5
774,widarinta,,5
775,ariffmaullana,,5
776,sashadeasavira,,5
777,yuiindulgani12,,5
778,batubarashanty,,5
779,maulanacokro,,5
780,sinthya_lustiana,,5
781,debipermataanggraeni,,5
782,adityapradhana1324,,5
783,arisawa_14,,5
784,sashadeasavira,,5
785,ariffmaullana,,5
786,widarinta,,5
787,batubarashanty,,5
788,wiasfajarianingrum,,5
789,sania2020,,5
790,ida.nursanti811025,,5
791,audryap05,,5
792,s*****i,,5
793,putyannisams26,,5
794,maulanacokro,,5
795,tkunze,,5
796,yunimalik12,,5
797,elqmrh,,5
798,septianasta,,5
799,annisahammaliah90,,5
800,gina123td.,,5
801,cuankumal,,5
802,a*****i,,5
803,fajarisafauzi,,5
804,aihida84,,5
805,veronicaditha,,5
806,n*****5,,5
807,dwikartika165,,5
808,g*****d,,5
809,hilmyramadhans,,5
810,luluilmqn,,5
811,m*****0,,5
812,indraprmn31,,5
813,n*****p,,5
814,t*****8,,5
815,wibowoteguh948,,5
816,jeannieakm,,5
817,viranaaa,,5
818,jihanadelia.,,5
819,r*****6,,5
820,n*****5,,5
821,s*****s,,5
822,faizsyafiqa,,5
823,faizsyafiqa,,5
824,bundazulham,,5
825,mirassulwasannah,,5
826,siskadesima,,5
827,novitansn26,,5
828,nadya_nj,,5
829,prelov3,,5
830,ervanantariksa7,,5
831,yulia0412,,5
832,amaliarswnti,,5
833,nindyandika17,,5
834,r*****3,,5
835,nadiaparantika22,,5
836,sakiyahsaleh,,5
837,apriliaanita26,,5
838,deyaaa29,,5
839,k*****9,,5
840,irgipirmansyah,,5
841,firdausfadlan,,5
842,acengfikri04,,5
843,reyhanbanyuaji20,,5
844,andes095,,5
845,rheowahyu16,,5
846,ilhamaulanarzq_,,5
847,yusniatikaa,,5
848,adnysafitri,,5
849,ekawijaya2334,,5
850,isseyyumi,,5
851,rizqies.andrian,,5
852,syifanadia12,,5
853,sitiekaaaaa,,4
854,li2s1990,,5
855,ramadhaniayu718,,5
856,lalaasnap,,5
857,adeayuoktavia,,5
858,m*****y,,5
859,otarina143,,5
860,arihsyahputrazai,,5
861,daninuryana24,,5
862,dewihandayani110186,,5
863,k*****5,,5
864,intanivm,,5
865,meilisrudhak,,5
866,j*****e,,5
867,krisnawijayamade,,5
868,f*****r,,5
869,n*****y,,5
870,r*****8,,5
871,l*****1,,4
872,fitrifauziahhhhhhhhh,,5
873,n.haper,,5
874,nia_blacksweet,,5
875,rahmdhdayat_,,5
876,s*****a,,5
877,khaterine06,,5
878,sofyan216,,5
879,arekarek378,,5
880,andri100299,,5
881,doliansyah12,,5
882,s*****_,,5
883,mandaresta_,,5
884,bundscollectionnn,,5
885,citrapermada,,5
886,anisull_,,5
887,hendritriherdian,,5
888,latifaprianto,,5
889,nikensn,,5
890,yana1285,,5
891,astridtiaraptri12,,5
892,kenalmayda,,5
893,royyeffendi,,5
894,nazwanpratama07,,5
895,andi_setyawan291084,,5
896,adam230400,,5
897,tiaraawulandari8,,5
898,tono_soedarno,,5
899,msglowrangkasbitung_id,,5
900,riki_rencart,,4
901,danisrizal,,5
902,adiapuja,,5
903,d*****p,,5
904,toserbaabadi,,5
905,audya.ar,,5
906,inayahelb,,5
907,novita_dwi_astuti123,,5
908,muhammadandre4497,,5
909,qphink,,5
910,witchy02,,5
911,danindrariski5,,5
912,79rbbrzka,,5
913,_*****a,,5
914,poppies.sco,,5
915,sobandianditya08,,5
916,o*****s,,5
917,tholib30,,5
918,irvan1993_,,5
919,fuadazhari28,,5
920,radityaputrapurwana,,5
921,alizarasyazivana,,5
922,d*****a,,5
923,enkaaaprnd,,5
924,nabila070306,,5
925,syifasitiafifah,,5
926,noviana992,,5
927,immanuella.pangkerego,,5
928,asayfudin,,5
929,joepiter64,,5
930,herianxu,,5
931,alfinaalfa,,5
932,erikacitra1802,,5
933,mellyaleona.,,5
934,noorannisaaa30,,5
935,yulita_irvan,,5
936,fanirahman88,,5
937,saripudin1409,,5
938,edelweisskusam,,5
939,ayuratna05,,5
940,johan_prayono,,5
941,rustyabdr,,5
942,f*****r,,5
943,melkysinun123,,5
944,imamadingrh24,,5
945,ratihayu678,,5
946,ryskhaarmaynilubis,,4
947,novianarizqi,,5
948,alaapril,,5
949,riziq00,,5
950,c*****h,,5
951,andreamrj,,4
952,miigyu,,4
953,imam_9346,,5
954,fauzi_567,,5
955,noafhamudi,,5
956,lovichristina123,,5
957,nalasurya,,5
958,mamay_koswandi,,5
959,trirodhiono469,,5
960,yudiprahara05,,5
961,agoengsoetan,,5
962,wildhaane,,5
963,i*****0,,5
964,fahri135,,5
965,yuanitanoviana16,,5
966,r*****o,,5
967,tikagothic,,5
968,vinaimelda12,,5
969,adinannurmalian,,5
970,tituspatrik,,5
971,t*****_,,5
972,dellafrz,,4
973,reki.mcb,,5
974,f*****f,,5
975,igusdian13_,,5
976,febi_nawasari01,,5
977,haris.hf_,,5
978,ayumayzy_,,5
979,kabilaah,,5
980,m*****_,,5
981,alifdimasprivananda,,5
982,faridah1106,,5
983,bikosatriano,,5
984,laluaryo,,5
985,yogi1333,,5
986,gradyhuxley,,5
987,nsrezki013095,,5
988,i*****i,,5
989,r1v4ldiyusuf,,5
990,a*****i,,5
991,y*****r,,5
992,yusnelilabuang,,5
993,kurniarizky30,,5
994,dwiwildaniramadhan,,5
995,fifiseptiviaa,,5
996,carolinaratalia,,5
997,rakachndrprdbt,,5
998,o*****t,,5
999,ismetohari,,5
1000,asepfirmans00,,5
1001,ekamartawidiyanti,,5
1002,n*****a,,5
1003,umbarrobianto,,5
1004,syakiiraa,,5
1005,muhammadtriza.r,,5
1006,yovanegi95,,5
1007,imamwahyudiar,,4
1008,s*****7,,5
1009,natasyahptr,,5
1010,hilmandaniarridwan,,5
1011,titasriyantiadinda,,5
1012,indahkumalafitri27,,5
1013,roykusud,,5
1014,dhafitha_elly,,5
1015,z*****8,,5
1016,fujiayu_l,,5
1017,dani897,,5
1018,mayangsa0512,,5
1019,dodidamhudi,,5
1020,dinarrisapati,,5
1021,chandrahs86,,5
1022,faizfilza,,5
1023,krispenminggumanan,,5
1024,bayujuliansyah,,5
1025,rahmansksd,,4
1026,muhamadlupapi,,4
1027,rival_zuliansyah27,,5
1028,fetryanagaghansa,,5
1029,a*****i,,5
1030,oonoviaa,,5
1031,m*****l,,5
1032,aris_tiawan12,,5
1033,aurel_kara,,5
1034,hendri1906,,5
1035,andialfn,,5
1036,auraoctv,,5
1037,ridwan.sham,,5
1038,cucura16,,5
1039,bay_custom,,5
1040,nofalina28,,5
1041,chariestine,,5
1042,abdulfaizal11,,5
1043,adhytiasandi,,4
1044,gm44u8lwhx,,5
1045,fizzz12,,5
1046,dheanurulvharantika,,5
1047,gillllagil,,5
1048,sndyadsptr_17,,5
1049,azieskhan,,5
1050,jaunkheryandi,,5
1051,aliferdiyawan,,5
1052,asep1234456,,5
1053,hikmalpratamaaa,,5
1054,isidorus49,,5
1055,alfaris0312,,5
1056,sandiihzaazzahrawi,,5
1057,by.cloo,,5
1058,r*****9,,5
1059,obidcom,,5
1060,i*****2,,5
1061,i*****i,,5
1062,a*****4,,5
1063,yohanesaryrevo,,5
1064,dadanhidayat21,,5
1065,h*****o,,5
1066,titobahtiar,,5
1067,ichy1312,,5
1068,rizzqy.putra,,5
1069,y*****8,,5
1070,banatunafis,,5
1071,i*****_,,5
1072,wanwaw0312,,4
1073,dissa_salwa1704,,3
1074,kristiamarcelia8,,5
1075,pohcky,,5
1076,h24_rahmathidayat2424h92,,5
1077,brandedbale22,,5
1078,t*****1,,5
1079,uburuburapi845,,5
1080,marshany,,5
1081,dinaokta,,5
1082,a*****a,,5
1083,bernard_jonathan,,5
1084,muazibin,,5
1085,ucritucrit857,,5
1086,dayday420,,5
1087,kemol1980,,5
1088,c*****e,,5
1089,s*****n,,5
1090,arifhero2604,,5
1091,erik_0279,,5
1092,i*****0,,5
1093,fxqry,,5
1094,ijhonsihombing,,5
1095,dimaspratikno97,,5
1096,081278122892.,,5
1097,dillaa.collection,,5
1098,boanergezbryanzhandy182,,5
1099,khusnul786,,5
1100,vero9898,,5
1101,nazilatur00000,,5
1102,faesaltanjung.sukabelanja.com,,5
1103,asyhshfra,,4
1104,rizkykurnia34,,5
1105,muhamadrizkyh26,,5
1106,hghartono,,5
1107,reynaldiadit,,5
1108,andyghafur,,5
1109,d*****5,,5
1110,krfauzi,,5
1111,fikarnzf,,5
1112,ikhsanam07,,5
1113,ar1p_94,,5
1114,rismaulipardede022,,4
1115,ersaselaludiciinii,,4
1116,ahmadgis,,4
1117,ryangusti03,,5
1118,sandyrusmana01,,5
1119,eliindriati1,,5
1120,yesimay,,5
1121,samri907,,5
1122,sobandri.s,,5
1123,yogatrisugiarto,,5
1124,p4qaan4883,,3
1125,adibb12345,,5
1126,frzphlvi,,5
1127,s*****c,,5
1128,mfr566,,5
1129,daudananthama11,,5
1130,uica180796,,4
1131,fajarkurnihadi,,5
1132,pristaazizah,,5
1133,yastiano12,,5
1134,kontoell,,5
1135,roy6666.,,5
1136,kizafm,,5
1137,yunirahayu086,,5
1138,trafalgar77,,5
1139,vavaahong_,,5
1140,hitampp,,5
1141,amc8cxmtmb,,5
1142,sasaabilah,,5
1143,hanifa9721,,4
1144,csco73f8xa,,5
1145,tobit.pino,,5
1146,karniatievanhalek,,5
1147,airahumayra,,5
1148,larasatinurani0907,,5
1149,gendaypangestu1471,,5
1150,uyeyuz,,4
1151,siumul71,,5
1152,nikokiken1010,,5
1153,vikyagt,,5
1154,dzgaragestuf,,5
1155,acenggrrr,,4
1156,pengelas,,5
1157,hadir90,,5
1158,solihatu.kodar,,5
1159,andialsa09,,5
1160,yabeskristlapian,,5
1161,tegarrizkiaryananda,,5
1162,e*****_,,5
1163,2704fitri,,5
1164,januarhl,,5
1165,ceko97,,4
1166,albertustitan99,,5
1167,albertustitan99,,5
1168,benjaminezeh123,,5
1169,ichsanrobbymutaqin_,,5
1170,mohamadrizki949,,5
1171,mherianda7,,5
1172,2jp3851fx2,,5
1173,fanmaulana26,,5
1174,buluksayang,,5
1175,eka160799,,5
1176,mn_fahmi.r,,5
1177,bettykristin96,,5
1178,anggisyafiralubis,,5
1179,,,5
1180,peoplegaming892,,5
1181,saharagustimahardika,,5
1182,desnameilia12,,5
1183,dimasikhsan342,,5
1184,9pmb23cw96,,5
1185,edikurniawansk8,,5
1186,hanandaalam,,5
1187,lindrantetondok,,5
1188,muhammadfayyaaadfachriza,,5
1189,arga7070,,5
1190,elysukmaaaaaa,,5
1191,danikaos97,,5
1192,farhannsb2210,,5
1193,reza_nursalam,,5
1194,rizaldwiarifin,,5
1195,nadlar04,,5
1196,kevinpebrian,,5
1197,a*****u,,5
1198,r*****a,,5
1199,winihartirahayu,,5
1200,rahmatilhamii,,5
1201,zulfinasudirman,,5
1202,aldizulakbar21,,5
1203,asepfirmansyah610,,5
1204,mawar_bella26,,5
1205,aryadenyy,,5
1206,tessacecilliasinaga,,5
1207,heriherdi,,5
1208,bagasjuni,,5
1209,huim3tw19j,,5
1210,syahrulgunawan0025,,5
1211,firmansyah890,,5
1212,juniannoval29,,5
1213,rayhansubakti,,5
1214,arief.widipratama,,5
1215,ilham_mahesa,,5
1216,deryferdiansyah32,,5
1217,m*****y,,5
1218,dede_rahfana,,5
1219,i*****3,,5
1220,m*****5,,5
1221,inop_,,5
1222,teresamangkey,,5
1223,rezkydwianugrah,,5
1224,julianpiperinoputra112,,5
1225,afdhilaanugerahfawaiz,,5
1226,alifalvidasq,,5
1227,mmdchelvinpratama,,5
1228,syntia.masyita,,5
1229,alfibra18,,5
1230,the_lion_,,5
1231,fajarmuharam,,5
1232,annisanur.na,,5
1233,nisan_gotch_merch_store,,5
1234,calonbiniilo,,5
1235,abdurahmanhafizz,,5
1236,sakry_ilhamsyahh,,5
1237,nattawinl,,5
1238,lihan_04,,5
1239,omakomarudin93,,5
1240,rifalrmdhni,,5
1241,andranurgegana,,5
1242,febifarell,,5
1243,amaygothika,,5
1244,habibfajrul,,5
1245,sakhaap,,5
1246,m*****_,,5
1247,kghaq6k2g6,,5
1248,akmalfaqih800,,5
1249,hahahsgd,,5
1250,kursufatunb,,5
1251,aryaasbulhalim,,5
1252,mbullbakoye,,5
1253,arifinf57,,5
1254,wildanbarra17,,5
1255,fazizbima,,5
1256,nicoerlanggaz11,,5
1257,zeus145,,5
1258,afmoenir123,,5
1259,bambankismaya,,5
1260,arifinf57,,5
1261,afmoenir123,,5
1262,akmalfaqih800,,5
1263,kursufatunb,,5
1264,kghaq6k2g6,,5
1265,aryaasbulhalim,,5
1266,gustisurya666,,5
1267,h*****2,,5
1268,shayfulibrhm9,,5
1269,defama,,5
1270,erlitapakpahan28,,5
1271,andimuhanangmaulana,,5
1272,akurichi,,5
1273,komandanotong,,5
1274,linaanggel17,,5
1275,ranihrtn,,5
1276,boanergezbryanzhandy182,,5
1277,rehanhabibilah,,5
1278,3d0uc8we0w,,5
1279,0e5qs5pssa,,5
1280,davidasli,,5
1281,zmpkkarl,,5
1282,vezjibe1un,,5
1283,near.souvenir,,5
1284,satriaaaaaaaaaaaaaaaaaa,,5
1285,ryzentrops,,5
1286,b*****o,,5
1287,fernaldiosyafiqal,,5
1288,herlan_harefq,,5
1289,yogalesmana21,,5
1290,rizkuy.ahh08,,5
1291,farizfirmansyah18,,5
1292,adinprasetyo2002,,5
1293,arull_21,,5
1294,krisnaseno,,5
1295,gungunfi,,5
1296,davidddnico,,5
1297,iiinwb3q4m,,5
1298,maksumsja_,,5
1299,adisundong,,5
1300,yusamkurniawan,,5
1301,lindanurwahidah18,,5
1302,gangsartata21,,5
1303,nonengwie21,,5
1304,adelliaa1_,,5
1305,r*****6,,5
1306,immudasna,,5
1307,nesyanathaly23_,,5
1308,elsan0207,,5
1309,bijikudo480,,5
1310,indraramdhani22,,5
1311,jefrimanullangmanullang,,5
1312,mariorahmatd,,5
1313,ip914415,,5
1314,zain_2413,,5
1315,g*****6,,5
1316,artikuno1994,,5
1317,d*****y,,5
1318,kaila_0004,,5
1319,ade.maryanto93,,5
1320,zesyharviliyana31,,5
1321,d*****y,,5
1322,artikuno1994,,5
1323,n*****n,,5
1324,bananacloth.id,,5
1325,ade.maryanto93,,5
1326,yusufrostian,,5
1327,o0x3ghpvh4,,5
1328,waynemahesa,,5
1329,andimakkasau06,,3
1330,farizakbaralfarizi02,,4
1331,2402473xbu,,4
1332,celsiemiliano,,4
1333,dannyy0904,,4
1334,dicky248613,,4
1335,yunitarahmaw,,4
1336,zrifqa,,4
1337,fitriiadita,,4
1338,f*****e,,4
1339,black_market1,,4
1340,godam_yuswantoro,,3
1341,aisyahprb,,5
1342,tesawungkana,,1
1343,airahumayra,,5
1344,inggridfitria254,,5
1345,aliyidin,,5
1346,nebulaaa777,,5
1347,mbno0nkg6n,,5
1348,asdarplz25,,4
1349,alfianadjidurera,,5
1350,a*****n,,5
1351,yogie25,,5
1352,ainizhauzanizahra,,5
1353,d*****2,,5
1354,alvinaazahra,,5
1355,diancok24,,5
1356,aghnia1982,,5
1357,tini.purnama,,5
1358,e*****a,,5
1359,by.noella,,5
1360,ari_sanjaya006,,5
1361,desypilar81,,5
1362,riskakartini95,,5
1363,mursidefendi100,,5
1364,shania.maheswari80,,5
1365,fitzgerald889,,5
1366,yenilaraswati07,,4
1367,titinkomalasari02,,5
1368,_*****s,,5
1369,s*****0,,5
1370,meraw89,,5
1371,pratamaaaa96,,5
1372,nininkmnursin,,5
1373,ipoelinjections,,5
1374,andicapcus,,5
1375,tarashakin24,,5
1376,sutiku.id,,5
1377,alwimhmd,,5
1378,deannainggolan103,,5
1379,irmawati1273,,5
1380,maizaelvira,,5
1381,dr_bachtiar,,5
1382,andikagnwn,,5
1383,syapp1111,,5
1384,z*****l,,5
1385,syujai98,,5
1386,tasyathok_28,,5
1387,jenimhmdr,,5
1388,h*****s,,4
1389,banggasentosa,,5
1390,revinaaaaaaaaaaa88,,5
1391,bionraka,,5
1392,iyannaziullah771,,5
1393,anharfadillah903,,5
1394,m*****n,,5
1395,d*****h,,5
1396,amaranggono25,,5
1397,saputriade,,5
1398,j_p_s,,5
1399,e*****n,,5
1400,andimahendra69,,5
1401,sumberbaru2021,,5
1402,andrevian03,,5
1403,gita_kebaya,,5
1404,febydwiputri97,,5
1405,yanikris123,,5
1406,m*****n,,5
1407,congskymarket1,,5
1408,bombom293,,5
1409,duwisanti18,,5
1410,y*****r,,5
1411,a*****f,,5
1412,widaadrizqullah23,,5
1413,yolandaputri292,,5
1414,b4in4,,5
1415,gil.sim,,5
1416,wulidlailahmagfirah,,5
1417,teoardy,,5
1418,iintouselak,,5
1419,danielbagusp,,5
1420,f*****p,,5
1421,dhanangtrilaksono,,5
1422,nurauliaseptiana,,5
1423,wildan_samudra99,,5
1424,nilamwulandari35,,5
1425,i*****i,,5
1426,tegarhalditama,,5
1427,muhazharroykhan,,5
1428,sigitsquerpants,,4
1429,jesicazulhafrila08,,5
1430,dony_sitio03,,5
1431,sgbhabib,,5
1432,sucicahyani21,,5
1433,urban_tg,,5
1434,euismaryadi,,5
1435,priskayosephine,,5
1436,qiya1709,,5
1437,samyabana69,,5
1438,salmonalaskan,,5
1439,friska.radita1992,,5
1440,erna.tri.sundari,,5
1441,yudiariw,,5
1442,eviviviane,,5
1443,m.albin,,5
1444,alexanderatha,,4
1445,ragasayangaku,,5
1446,t*****g,,5
1447,sabrinaariani17,,5
1448,ariefdtn,,5
1449,imamulkh,,5
1450,e*****n,,5
1451,m1l00,,5
1452,warfidasuciani1512,,5
1453,ayu36301,,5
1454,harisred,,5
1455,beningsskincarejambi,,5
1456,tabaleku,,5
1457,nymm96,,5
1458,dyuliana2139,,5
1459,y*****i,,5
1460,a*****_,,5
1461,ariesribowo,,5
1462,heru75204,,4
1463,gingingandara,,5
1464,,,4
1465,eliyas580,,5
1466,friskasavira,,5
1467,calyajodi,,5
1468,uchamusya,,5
1469,ririnurhasanah,,5
1470,vebby160901,,4
1471,our.yday,,5
1472,jerky076,,5
1473,fitrifadia03,,5
1474,l*****6,,4
1475,vxvn1es6al,,5
1476,herisetiawan301097,,5
1477,yusufsuwandana,,5
1478,arsyiifz,,5
1479,prahara26,,5
1480,mukarom27,,5
1481,billyakbar19,,5
1482,susilawati0499,,5
1483,fathurohman.08,,5
1484,m.baiqradya,,5
1485,a*****1,,5
1486,suryanihasanah,,5
1487,ilmi_55,,5
1488,ferian80,,5
1489,ervina_xie,,5
1490,dixetown,,5
1491,ryanhidayat518,,5
1492,muhtarifabdilah,,5
1493,topanfirdaus19,,5
1494,lngbtm,,5
1495,rahmatefendi101296,,5
1496,nandhitooo,,5
1497,f*****n,,5
1498,vianurf,,5
1499,maemunah12000,,5
1500,ndengyz,,4
1501,a*****0,,5
1502,naufaalzky,,5
1503,diamond.back_04,,5
1504,sitiaida02,,5
1505,s*****7,,5
1506,t*****9,,5
1507,ade.maryanto93,,5
1508,ithaagustinna,,5
1509,,,5
1510,rahmirahmadantyamini,,4
1511,achmadfudali475,,5
1512,ditya.m1,,5
1513,mailina00,,5
1514,henokferdi,,4
1515,widian123320,,5
1516,kevinpander12,,5
1517,rrininta,,5
1518,f*****7,,5
1519,amihanifah28,,5
1520,nabaaa_,,5
1521,irvangamer891,,5
1522,rahmadhini01,,5
1523,yoanelvis,,5
1524,novhynangnaigi,,5
1525,axl_andi_bubun,,5
1526,arnoolds,,4
1527,ajiprasetyo358,,5
1528,hafidgea17,,5
1529,wulanlws,,5
1530,danapw,,5
1531,nadyapertiwi16,,5
1532,fenner1989,,5
1533,33k0zgof0a,,5
1534,u*****u,,5
1535,billanabila,,3
1536,bimbimsss.filter,,5
1537,putrapasaribu210,,5
1538,anggasaputra77,,5
1539,zahrasabrina.id,,5
1540,rashifarsya,,5
1541,nurultori,,5
1542,basuki.nurrohim,,5
1543,d*****p,,5
1544,maderastana2001,,5
1545,yuliatiwalida,,5
1546,w*****i,,5
1547,marulisaut,,4
1548,putridwisafitri,,5
1549,sofiagilsabrina,,5
1550,thiasakha,,5
1551,f*****6,,5
1552,nasrulmo,,5
1553,deldenada,,5
1554,verovenikaa,,5
1555,s*****7,,5
1556,sitinurbayah12,,5
1557,felicianggraini,,5
1558,takhusa,,5
1559,terakata.co,,5
1560,bulmaaa,,5
1561,sibennyloh,,5
1562,k*****1,,5
1563,farishasanbasri,,5
1564,muhammadrekza712,,5
1565,ihwanillahi,,5
1566,intannbla_,,5
1567,rezijaya,,5
1568,alfakholiza11,,5
1569,widy_asmoro,,5
1570,sneakersartid,,5
1571,aldysurya226,,5
1572,cyndimedia06,,5
1573,irenefrenitaburhan,,5
1574,waysp25,,5
1575,ayuputri_m,,5
1576,cevianfalevi,,4
1577,scummyfolks,,5
1578,iraronggo,,5
1579,coknaa,,5
1580,efsaa,,5
1581,98i1mybqyv,,5
1582,winantyo_,,5
1583,rasa0114,,4
1584,a*****g,,5
1585,hendrywindu,,5
1586,adetyapratama15,,5
1587,rofi_doomcrew,,5
1588,ulfhaangraeni,,5
1589,sitraherawatisujana,,5
1590,l*****a,,5
1591,p*****a,,5
1592,rstniarmdnti,,5
1593,maulanarickyi,,5
1594,chalhagoisseo,,5
1595,anugrahh3,,5
1596,kelet_h,,5
1597,irfanfirdaus14,,3
1598,anshorggk,,5
1599,sucinovia032,,5
1600,firmanfvckinfauzi,,5
1601,yanitrm,,5
1602,azminov,,5
1603,salmankirmansyah,,5
1604,bstbkarya,,5
1605,nurhusna6,,5
1606,kuswandi1379,,5
1607,maghfira0404,,5
1608,siscapaskalia,,5
1609,zidan19_,,5
1610,nicholas277,,5
1611,tashyakv,,5
1612,pleasvre,,5
1613,robbysatria888,,5
1614,keziasekarchan,,5
1615,suhaday,,5
1616,algeaaa,,5
1617,terakata.co,,5
1618,annisaputrr,,5
1619,shelter_jeans_official,,5
1620,f*****2,,5
1621,khoerunnisa0509,,5
1622,yastrinae,,5
1623,081276843292_,,5
1624,syaifulrizal990,,5
1625,ahya.awesome,,5
1626,aditiya2512,,5
1627,yudiariw,,5
1628,nengjuliarizky,,5
1629,tzdj12beei,,5
1630,anandamarchella,,5
1631,aryanti.fit,,5
1632,donidriwarnantta,,5
1633,h*****4,,5
1634,h*****a,,4
1635,r*****a,,5
1636,putraartup_,,5
1637,hanarezky.f,,5
1638,saefullajadah,,5
1639,j*****l,,5
1640,carissacam34,,5
1641,fasa_24,,5
1642,r*****n,,5
1643,rizqanul,,5
1644,i*****8,,5
1645,alawi.ms,,5
1646,ariftesla,,5
1647,agatarhm,,5
1648,t*****x,,5
1649,alifdjuliezt,,5
1650,bagaskaaaara,,5
1651,gisellemumek18,,5
1652,andikabangun25,,5
1653,yunitarahma6,,5
1654,kainu_182,,5
1655,hendryabdurohman89,,5
1656,g*****i,,5
1657,oniesetiawan,,5
1658,willyhadisusanto,,5
1659,sgbhabib,,5
1660,dzakiahkamal,,5
1661,randisptr09,,5
1662,mevaindah,,5
1663,imankumontoy,,5
1664,zulkipliikhwan,,5
1665,anandaez,,5
1666,dndy_prdn,,5
1667,s*****l,,4
1668,aininuruleen,,5
1669,ylyyoongi,,5
1670,hidayah130714,,5
1671,dodiilham87,,5
1672,yogadwisaputra123,,5
1673,muhammadrizkynursyaban,,5
1674,pevitajenner,,5
1675,a*****o,,5
1676,opickx,,5
1677,w*****i,,5
1678,jeffryajis,,5
1679,rinarwt,,5
1680,fergievirgiyana,,5
1681,wisky_store,,5
1682,bahtiaradamm,,5
1683,gyeszhelmasloman,,5
1684,a*****a,,5
1685,esaaprillah,,5
1686,sibennyloh,,5
1687,,,5
1688,n*****t,,5
1689,fahmizakaria4004,,5
1690,srn_official01,,5
1691,monick.shop9819,,5
1692,bubunnabin,,5
1693,resastari,,5
1694,irmayunita1128,,5
1695,adiskyaljuni,,5
1696,s*****h,,5
1697,imeldasiagian123,,5
1698,deaakurnia95,,5
1699,kaulikas,,5
1700,nengfathon,,5
1701,purpllxvyolet,,5
1702,zaailani,,5
1703,mega.kristina,,5
1704,fthlbary,,5
1705,dedenkp,,5
1706,agung_prasetia23,,5
1707,frizaaw,,5
1708,dinaa8990,,5
1709,pinung,,5
1710,nissaauliarasyid,,5
1711,cancerrrgirl,,5
1712,panti_jompo,,5
1713,trisnandi7,,5
1714,rojaka18,,5
1715,alannn19,,5
1716,adityaartaf,,5
1717,avinkusuma3,,4
1718,zidan9876220,,5
1719,naufall30,,5
1720,d*****5,,5
1721,gratia1999,,5
1722,zulfikrie290699,,5
1723,febriansyaah10,,5
1724,fsdian,,5
1725,aqilsyafwan,,5
1726,diahpus09,,5
1727,m.rayyan_lee,,5
1728,agisnamitraa,,5
1729,m*****0,,5
1730,heyho30,,5
1731,thaliaaritonang,,5
1732,wildaasryani,,5
1733,m*****2,,5
1734,zamrudi22,,5
1735,nabilaakiliee,,5
1736,erwinsr9491,,5
1737,gebyr,,4
1738,b*****1,,5
1739,melati123,,5
1740,xinzy_,,5
1741,ratihayu678,,5
1742,a*****8,,5
1743,inaernawati08,,5
1744,fsdian,,5
1745,megawindi95,,5
1746,ferligaonline,,5
1747,yourburbb,,5
1748,icanurhalizaa,,5
1749,sahrulnizamjbr,,5
1750,riskiwedantaa,,5
1751,parkyoorae,,3
1752,yosuasaw20,,5
1753,nafilah_aliyah09,,5
1754,benarivotp,,5
1755,widal39,,5
1756,oriifadah,,5
1757,comeoverboard,,5
1758,januarekawardhani,,5
1759,januarekawardhani,,5
1760,muhammaddorisastra,,5
1761,nickeriza,,5
1762,ecadjtt,,5
1763,andhikarama27,,5
1764,aninurekasari,,5
1765,vany.keysha,,5
1766,arifajarmaulana,,5
1767,ajeng9597,,5
1768,k*****t,,5
1769,d*****6,,5
1770,shelizaptrr,,5
1771,f*****8,,5
1772,ariopratama,,5
1773,juniaayu,,5
1774,reisyamira,,5
1775,diahchoirunnisar,,5
1776,rivanhaqi26,,5
1777,dianaasyazka,,5
1778,luthfielangreformasi25,,5
1779,m.adnandrm,,5
1780,ruangrindurindu,,5
1781,d*****r,,5
1782,asribay_,,5
1783,xxhwiparam,,5
1784,rizqyrusttandi,,5
1785,stephanie_shee01,,4
1786,xkz1ny08oy,,5
1787,patriciasampelan,,5
1788,m*****a,,5
1789,rifkajuniar48,,5
1790,ikhawidiarosanti,,5
1791,salsabillaa1_,,5
1792,yogatarunasandi,,5
1793,annakarlina,,5
1794,muhammadaliefm,,5
1795,h6xutsx8q9,,5
1796,marioharis_,,5
1797,c*****8,,5
1798,toko_kebaya_fashion,,5
1799,a*****l,,5
1800,vingkyverof13,,5
1801,fikrikhaerulimam,,5
1802,musahardianto,,5
1803,prawirasanuri,,5
1804,hennivenia97,,5
1805,vielaelasari,,5
1806,thaa2193,,5
1807,b*****1,,5
1808,djoko_dwy29,,5
1809,nurul4851,,5
1810,gilanglesmana234,,5
1811,tolefer,,5
1812,risamarissa,,5
1813,rhikeyceper,,5
1814,rizzal.new,,5
1815,masnahcuni,,5
1816,ilhammuhammadfikri,,4
1817,kaysidneyrabanni,,5
1818,fitrifadia03,,5
1819,nettazahra,,5
1820,tiaseptiani_24,,5
1821,ariqmubaroq,,5
1822,c*****s,,5
1823,ayurizkyamelia7,,5
1824,m*****0,,5
1825,bagongz98,,5
1826,salsabillaaaaaaaaaa,,5
1827,febbyramand,,5
1828,bimaleksana10,,5
1829,widyaxaveria21,,5
1830,adewipratiwi,,5
1831,ilhammuhammadfikri,,4
1832,satmiisl,,5
1833,tralalalala.....,,5
1834,m*****1,,5
1835,wildadulirabila,,4
1836,faizulrifqi,,5
1837,ikyalfarizi28_,,5
1838,ezibfurqon19,,5
1839,azchapl,,5
1840,afifahap28,,5
1841,d*****4,,5
1842,bagongz98,,5
1843,novitrnhs531,,5
1844,s*****6,,5
1845,faris_shafly19.,,5
1846,amalyasyam,,5
1847,n*****_,,5
1848,d*****g,,5
1849,mfajridalva,,5
1850,syagittarious,,5
1851,n*****n,,5
1852,sarahsukanda29,,5
1853,kenwiduh,,5
1854,marchrstn,,5
1855,d*****9,,5
1856,iinnurcahyani1605,,5
1857,rhienyulianto.75,,5
1858,richir700,,5
1859,annisaa_duta,,5
1860,gracechayy2,,5
1861,elisabethulisiahaan,,5
1862,deaakurnia95,,5
1863,h*****e,,5
1864,dwiiiyulianti,,5
1865,debbychr,,5
1866,putryparasayu,,5
1867,y*****a,,5
1868,novriadi13_,,5
1869,dinaa8990,,5
1870,anithadewi_17,,5
1871,syarafiiina24,,5
1872,indahlstarii_,,5
1873,puspadwin,,5
1874,dka1105,,5
1875,g*****y,,5
1876,saniinayah123,,5
1877,saputrisuharno,,5
1878,anisayumi,,5
1879,124778tzw,,5
1880,bpcollection10_,,5
1881,f*****a,,5
1882,kikiokio20,,5
1883,emmarahmawati_dr,,5
1884,zvenlove,,5
1885,raisheeesh,,5
1886,yulee1,,5
1887,snack_laladaan2017,,5
1888,wildanrakha,,5
1889,wisnuadicahyo,,5
1890,mhdfajri12,,5
1891,inez_a_,,5
1892,fannysep,,5
1893,fajriahduha,,5
1894,g*****n,,5
1895,e*****4,,5
1896,cacandiki666,,5
1897,y*****n,,4
1898,graciajoyfully,,5
1899,halcyon_00,,5
1900,nvtagn,,5
1901,sukup222,,5
1902,lizanaaa,,5
1903,aries_yanitasari.co.id,,5
1904,bellaaym,,4
1905,erwintriwicaksana,,5
1906,alaapril,,5
1907,rahma_eka_96,,3
1908,pureklamby,,5
1909,fairuzrizkysaputra,,5
1910,hananfahrizal,,5
1911,novinovianih,,5
1912,alhamdani.jo,,5
1913,fendyabui,,5
1914,fajarchokie89,,5
1915,wandynursidik99,,5
1916,eraguretno31,,5
1917,ilzamhunaefi,,5
1918,ns_world,,5
1919,megaarfan,,5
1920,estersitanggang84,,5
1921,michellejudijanto,,5
1922,rehanhabibilah,,5
1923,somantriusman,,5
1924,armanpermana1996,,5
1925,raramtyyy,,4
1926,hopeyoulikeit,,5
1927,rrrrurhrbryr,,5
1928,romiindra29,,5
1929,yuninabila17,,5
1930,farrhhann,,5
1931,nrndhh,,5
1932,nabilasuburr,,5
1933,r*****a,,5
1934,ariffurqan06,,5
1935,l*****a,,5
1936,nurulsorayaaa,,5
1937,sritegarrahayuputri01,,5
1938,ridhomaulana8888888,,5
1939,egi_marta,,5
1940,k*****6,,5
1941,fhyrasyahlan,,5
1942,ferdinanrumimpunu,,5
1943,fauzyvp,,5
1944,labib289,,5
1945,gusgusgus100,,5
1946,irmanrchyn,,5
1947,derishow,,5
1948,urayanggaerisandi,,5
1949,3*****l,,5
1950,vinkyserly,,5
1951,mkclcl,,5
1952,adeverma,,5
1953,jimmynoviandiyusuf,,5
1954,marinafrisca,,4
1955,7*****.,,5
1956,lindaramadhani521,,5
1957,k*****d,,5
1958,ramdhaan,,5
1959,c*****l,,5
1960,susanalthaf,,5
1961,opos___,,5
1962,meike121,,5
1963,patur698,,5
1964,ario1103,,5
1965,indriyadi02,,5
1966,leonardmarsel,,5
1967,tiurmariatampubolon,,5
1968,mandalanando,,5
1969,bayuburhanudin,,5
1970,loufilmahfust18,,5
1971,sakiladewanda,,5
1972,citaanindia,,5
1973,zhafirahmiranti,,5
1974,putriasri.rengganisaprilia,,5
1975,frs2112,,5
1976,drcarbon,,5
1977,berkahlanggeng.sanitary,,5
1978,zahrarrefa,,5
1979,adee.diecast,,5
1980,agungpriatna12,,5
1981,fikriwahiddinsyah,,4
1982,decky_naufal13,,5
1983,chaandra88,,5
1984,ecaazakariah,,5
1985,hidayatabdul1508,,5
1986,yolandanadya1501,,5
1987,yudaamukti_,,5
1988,willem_chung,,4
1989,yunias11,,5
1990,w*****2,,5
1991,bebullaa_,,5
1992,r*****e,,5
1993,a*****a,,5
1994,mamahaqilahnuralifah,,5
1995,swagyhype17,,5
1996,cindywrr_,,5
1997,fikriagustin08,,5
1998,httphopes,,5
1999,mfatkhullah99,,5
2000,ka.apparel,,5
2001,danu.agustin,,5
2002,siiau12,,5
2003,adhidr07,,5
2004,ramamahda,,5
2005,ahmad221133,,5
2006,rekaind13,,5
2007,octavian109,,5
2008,muhammadlatif1001,,5
2009,akbmsvs6xy,,5
2010,johhery,,5
2011,rezy_sendana,,5
2012,maryani_tea,,5
2013,dirasurjadi,,5
2014,rizalnugroho321,,5
2015,avtariamelyaputry,,5
2016,fakhrinuh13,,5
2017,makibao0,,5
2018,rajaramdan23,,5
2019,muhammadhikmal76,,5
2020,raafiazhami__,,5
2021,belyanhe,,5
2022,a*****3,,1
2023,soeboed28,,5
2024,kustianto01,,5
2025,svniyan,,5
2026,irmasuwarji,,5
2027,kartastorebandung,,5
2028,suciagunggg,,5
2029,secon.dhoodie,,5
2030,okkidhebiwiajaya,,5
2031,rafibarran,,5
2032,madskuyy25,,4
2033,rudisyafar,,5
2034,alberdfumi,,5
2035,ferdyyulizar07,,5
2036,taufiqyusup,,5
2037,e*****d,,5
2038,hode.store,,5
2039,juwitaasaloelyana27,,5
2040,juwitaasaloelyana27,,5
2041,a*****l,,5
2042,trisnandaa,,5
2043,ayuklydiaa007,,3
2044,aprialdi49,,5
2045,deddyhereson01,,5
2046,m*****6,,5
2047,efendyiksan,,5
2048,diditwidyasakti,,4
2049,i*****4,,5
2050,tonnypurbaya1234,,5
2051,x9dpu6s88y,,5
2052,razaazhari_,,5
2053,arikr97,,5
2054,y*****l,,1
2055,syifaadlinamadani,,5
2056,danarrespati17,,5
2057,michael_96,,5
2058,1yny2gtlrp,,5
2059,dindatriyunda,,5
2060,aldimuhamad526,,5
2061,armiwidiya,,5
2062,,,5
2063,aagungg19,,5
2064,rahelprtm09,,5
2065,a*****a,,5
2066,aisyahdwijanuarita210103,,5
2067,meomwhras1,,5
2068,muhammaddiki21,,5
2069,r*****i,,5
2070,hanidasman,,5
2071,,,5
2072,a*****2,,5
2073,sweanezarifrohman,,5
2074,bluedustiks,,5
2075,novitdws,,5
2076,anisamulya_,,5
2077,m*****a,,5
2078,najik08,,5
2079,linartwo20,,5
2080,agungbp031199,,5
2081,myrose.craft,,5
2082,rtirtasaputra,,5
2083,mhmthrsyh,,5
2084,agoreva,,5
2085,ilhamrezkyaditya,,5
2086,jenalmulu,,5
2087,aikzfh,,5
2088,0ibnuuu,,5
2089,miftahuljannah1818,,4
2090,ahmadfw12,,5
2091,rivkyra,,5
2092,jokokaryono76,,5
2093,triwasti_tamba,,5
2094,ayuef96,,5
2095,aureliusrafael,,5
2096,2_hmqradm3,,5
2097,ochaayocha,,5
2098,d*****l,,5
2099,tiaraimamcr,,5
2100,m*****0,,5
2101,nuswantoro12,,4
2102,praditnr,,5
2103,thambaliii,,5
2104,suryoringo,,5
2105,hongkyyy,,5
2106,rizkys3,,5
2107,muhamadsyifaa,,5
2108,putripuspita0406,,5
2109,30raditya,,5
2110,deedwii23,,5
2111,i*****7,,5
2112,yoelfaelbielimmang,,5
2113,abdurahmanraihanandika,,5
2114,anggimaulanafauzi,,5
2115,iqbaleee304,,5
2116,marti_husen,,5
2117,rizkisatriaprayuda411,,5
2118,f*****m,,5
2119,berbagiindah1,,5
2120,joyfulboxid,,5
2121,rizky30000999,,5
2122,ridyse,,5
2123,sayidarham,,5
2124,cursor_id,,5
2125,denii_setiiawan,,5
2126,ikhtira123,,5
2127,vnsmk11,,4
2128,tomitoretto,,5
2129,rivanardi,,5
2130,vikriajaaa,,5
2131,vemblot,,5
2132,iwinyaradjaradja,,5
2133,anjarwnps,,5
2134,s*****i,,5
2135,flexious.project,,5
2136,rahmaammaa,,5
2137,hesen03,,5
2138,aldiferdian.,,5
2139,ditasmat,,5
2140,christilian14,,5
2141,dimassamsudin,,5
2142,dhavamajid,,5
2143,windazlinaa,,5
2144,zakahafish,,5
2145,brandedbale22,,5
2146,r*****n,,5
2147,armygm,,5
2148,salehalehalea,,5
2149,pasifickarya_logam,,5
2150,aribibhi,,5
2151,muhammaderies,,5
2152,faik_2,,5
2153,iprasanti,,5
2154,k*****r,,5
2155,yodipblo,,5
2156,f*****i,,5
2157,d*****m,,5
2158,a*****.,,5
2159,dimasadikaa,,5
2160,c*****a,,5
2161,dellsssssss_,,5
2162,zulfanarbi639,,5
2163,sptnpryga,,5
2164,intankumalasari585,,5
2165,adebrotherhood,,5
2166,y*****1,,5
2167,o*****b,,5
2168,utaminr,,5
2169,brothersakbar,,5
2170,t*****3,,5
2171,surawisesastore,,5
2172,abimaris,,5
2173,aulianurul07,,5
2174,noverihamdan,,5
2175,anja_yogaswara21,,5
2176,ganz19,,5
2177,t*****8,,5
2178,andipras21,,5
2179,amfau1,,5
2180,i2ly80g25s,,5
2181,andreasadhipratama,,5
2182,rosianaulfah13,,5
2183,wanderlust.supply,,5
2184,destamananda0612,,5
2185,rifannur,,5
2186,_*****k,,5
2187,michaelsebastian12,,5
2188,aditia.25,,5
2189,jayadihs79,,5
2190,putriyuditiap,,5
2191,s*****o,,5
2192,enjiii16,,5
2193,rstufndi,,5
2194,nurrudinagungdwisaputra,,5
2195,andinasalss,,5
2196,0trtnzd8sy,,5
2197,jauwari.store,,5
2198,firdarevina04,,5
2199,ryanliambo,,5
2200,muhammadhilman26,,5
2201,0sdpybrro_,,5
2202,8rbrwjvosq,,4
2203,billystino,,1
2204,baariqzikra,,4
2205,prelovedby_devi,,4
2206,habiburrahmansiregar,,4
